#{"t_start": 1663264305.273177, "env_id": "InvertedDoublePendulum-v2"}
r,l,t
82.348923,9,0.286259
91.490567,10,0.289881
82.960774,9,0.293157
82.83111,9,0.296443
91.876811,10,0.299972
82.270841,9,0.30316
92.236221,10,0.306712
73.149178,8,0.309559
82.534252,9,0.31272
129.533437,14,0.317538
72.726602,8,0.600516
64.226378,7,0.603113
101.400662,11,0.607075
82.616002,9,0.610289
101.40638,11,0.614186
91.98678,10,0.617761
73.454614,8,0.620648
82.972899,9,0.623874
64.126911,7,0.626409
111.004717,12,0.630617
91.897232,10,0.905463
101.33019,11,0.90934
82.359576,9,0.912549
64.180922,7,0.915077
82.282921,9,0.918276
91.953661,10,0.921788
92.157681,10,0.925303
91.809051,10,0.928838
100.817855,11,0.932694
82.821952,9,0.935877
82.281194,9,1.210089
92.017314,10,1.213644
73.431236,8,1.216501
73.00163,8,1.219354
101.432111,11,1.223198
73.141566,8,1.22606
82.892686,9,1.229238
72.970938,8,1.232119
82.37748,9,1.235296
64.216567,7,1.237824
82.408623,9,1.517453
82.661501,9,1.520669
92.033524,10,1.524189
92.250039,10,1.527726
73.463087,8,1.530569
73.221339,8,1.533409
72.850695,8,1.536254
73.222394,8,1.539122
82.859548,9,1.542312
73.251614,8,1.545184
91.851917,10,1.821001
82.731437,9,1.824192
91.772679,10,1.827893
73.301838,8,1.830753
110.5513,12,1.835005
101.532204,11,1.838902
73.533169,8,1.841809
91.914663,10,1.845359
64.065158,7,1.847915
73.032796,8,1.850829
91.936494,10,2.125913
82.193334,9,2.129113
82.262115,9,2.132286
63.884681,7,2.134805
82.793131,9,2.137986
73.484686,8,2.140833
73.416342,8,2.143693
82.161003,9,2.146888
110.629958,12,2.151061
92.104526,10,2.154571
73.534983,8,2.427626
82.40465,9,2.430833
91.887259,10,2.43435
111.118769,12,2.43851
110.882087,12,2.442664
82.810892,9,2.445826
73.103827,8,2.448671
73.008604,8,2.451509
73.557436,8,2.454346
101.42975,11,2.458168
82.42622,9,2.733422
73.035301,8,2.736286
73.220339,8,2.739151
92.138051,10,2.742669
110.605724,12,2.746839
110.936698,12,2.751008
83.160351,9,2.754187
82.521852,9,2.757366
82.261766,9,2.760541
82.963705,9,2.763697
91.658105,10,3.038502
73.389163,8,3.041378
82.773519,9,3.044583
72.993946,8,3.047443
72.934511,8,3.050285
110.893529,12,3.054457
73.329126,8,3.057289
73.309634,8,3.060156
82.771157,9,3.063326
100.829584,11,3.067239
26.841364,3,6.484556
34.827281,4,6.486166
26.869833,3,6.48741
26.844685,3,6.488639
26.746065,3,6.489861
26.852311,3,6.491082
34.970635,4,6.492655
26.880754,3,6.49387
26.658033,3,6.49514
26.892635,3,6.496368
120.591647,13,9.809088
138.789902,15,9.814393
120.549335,13,9.819016
176.679453,19,9.825591
157.789513,17,9.831488
111.05916,12,9.835699
120.13944,13,9.84024
129.859617,14,9.8451
120.496072,13,9.849637
92.610002,10,9.853178
119.964028,13,13.151452
138.573548,15,13.156711
156.977926,17,13.162595
213.295353,23,13.170462
148.30325,16,13.175957
260.294157,28,13.185446
270.128021,29,13.195267
204.092552,22,13.202762
157.050584,17,13.208595
165.885507,18,13.214774
260.068265,28,16.500521
175.488212,19,16.507129
344.39902,37,16.519643
250.356411,27,16.528851
381.582033,41,16.542756
222.558303,24,16.55095
372.119389,40,16.564512
129.376218,14,16.56939
362.553409,39,16.582594
316.130287,34,16.594137
353.519497,38,19.789811
447.136745,48,19.806176
306.645828,33,19.817466
484.713294,52,19.835072
324.920156,35,19.846977
624.994352,67,19.869442
287.606093,31,19.880007
287.992008,31,19.89059
428.472548,46,19.906107
212.839119,23,19.913994
334.723503,36,23.188996
362.776265,39,23.202336
493.28215,53,23.220224
287.629001,31,23.230791
212.311119,23,23.238719
259.427856,28,23.248277
334.634162,36,23.260492
249.942723,27,23.26971
737.596842,79,23.296165
334.59046,36,23.308387
297.374155,32,26.584962
559.051642,60,26.60525
306.267688,33,26.616498
418.98512,45,26.63172
858.97594,92,26.662583
316.11863,34,26.674194
409.873666,44,26.689119
400.161245,43,26.703687
260.13877,28,26.713214
259.907022,28,26.722744
325.499102,35,29.948289
269.306097,29,29.958206
259.331432,28,29.967796
307.138667,33,29.979151
409.35644,44,29.993988
288.288397,31,30.004522
353.539414,38,30.017337
306.545905,33,30.028543
325.28639,35,30.040386
362.569806,39,30.053559
269.627496,29,33.152555
307.133114,33,33.163859
409.371862,44,33.178751
325.426034,35,33.190669
307.257265,33,33.201885
933.734693,100,33.235295
344.512213,37,33.247905
409.310675,44,33.262743
372.380694,40,33.276273
335.052166,36,33.288499
344.526064,37,36.785879
681.248527,73,36.810513
353.97374,38,36.82337
503.463827,54,36.841574
325.238328,35,36.853513
297.422746,32,36.864434
353.865214,38,36.877289
334.643183,36,36.889524
344.631238,37,36.90202
503.315115,54,36.920177
437.984064,47,40.119292
363.07262,39,40.132628
597.254365,64,40.154174
363.289266,39,40.16747
447.542054,48,40.183623
447.597962,48,40.199775
409.769118,44,40.214628
494.142201,53,40.232445
363.201693,39,40.245667
456.246512,49,40.262171
428.806072,46,43.555188
475.165287,51,43.572668
1036.664523,111,43.609989
343.74068,37,43.622665
278.977434,30,43.632954
625.318599,67,43.655549
343.947125,37,43.668172
428.615275,46,43.683775
503.274309,54,43.702059
307.095627,33,43.713329
260.274212,28,46.924901
1298.732769,139,46.971555
587.526901,63,46.992832
1551.631499,166,47.048225
2019.004926,216,47.120225
1382.962819,148,47.169691
446.846808,48,47.186059
2084.774829,223,47.260574
1663.08538,178,47.319994
1130.386924,121,47.360511
6904.511427,738,50.789138
2992.669284,320,50.896037
474.977481,51,50.913328
428.704215,46,50.92897
1176.771066,126,50.971262
438.14171,47,50.98725
1813.544553,194,51.052137
1111.010895,119,51.092034
933.714564,100,51.125618
1663.204878,178,51.185175
362.601949,39,53.438321
5378.265957,575,53.629186
1775.999164,190,53.692317
484.526511,52,53.70989
1102.055845,118,53.749255
1382.805405,148,53.798383
1195.527637,128,53.840962
2954.43894,316,53.945705
3394.476872,363,54.065876
410.018616,44,54.080729
9355.439942,1000,58.096987
428.57268,46,58.112693
9355.587879,1000,58.444835
9355.688527,1000,58.776763
9355.664662,1000,59.108513
9355.690454,1000,59.440893
9355.523194,1000,59.773215
9355.636306,1000,60.105625
9355.50583,1000,60.437467
9355.779821,1000,60.769585
9359.928326,1000,64.331876
9359.857155,1000,64.662889
9358.920822,1000,64.993562
9359.628604,1000,65.324692
9358.603122,1000,65.656305
503.220099,54,65.674612
9359.919451,1000,66.005998
680.887236,73,66.030588
9358.643385,1000,66.362167
9359.143701,1000,66.69311
9359.884003,1000,70.253113
9359.878706,1000,70.583944
9359.963283,1000,70.91413
9359.941304,1000,71.244689
9359.970937,1000,71.575028
9359.710221,1000,71.905446
9359.821237,1000,72.235426
9359.778252,1000,72.56604
9359.882482,1000,72.895902
9359.770974,1000,73.22615
765.450047,82,76.490968
9359.659616,1000,76.823327
9359.999331,1000,77.15433
615.776641,66,77.176576
9359.780237,1000,77.508441
9359.96907,1000,77.839305
9359.899082,1000,78.170385
9359.929828,1000,78.501357
9359.970426,1000,78.832008
9359.895893,1000,79.163149
9359.726169,1000,82.722744
9359.599461,1000,83.054009
9359.933136,1000,83.38546
9359.874465,1000,83.717044
9359.818984,1000,84.048433
9359.886207,1000,84.378758
9359.79216,1000,84.709042
9359.62092,1000,85.039253
9359.872641,1000,85.36987
9359.888087,1000,85.701631
9359.908887,1000,89.261227
9359.943855,1000,89.59066
9359.903875,1000,89.920618
9359.898133,1000,90.250508
9359.856276,1000,90.580634
9359.878138,1000,90.909678
9359.882605,1000,91.238746
9359.979539,1000,91.568074
9359.966038,1000,91.897393
9359.96157,1000,92.227538
9359.494765,1000,95.796844
9359.548127,1000,96.127987
9359.722181,1000,96.459845
9359.962408,1000,96.790711
9359.959646,1000,97.121933
9359.695941,1000,97.452596
9359.978565,1000,97.783254
9359.912002,1000,98.113051
9359.526706,1000,98.442891
9359.620966,1000,98.773614
9359.97144,1000,102.375459
9359.710546,1000,102.704873
9359.779385,1000,103.034561
9359.695894,1000,103.363753
9359.845045,1000,103.693083
9359.979715,1000,104.020547
9359.845734,1000,104.348741
9359.911036,1000,104.676562
9359.756939,1000,105.005703
9359.780165,1000,105.335354
9359.79464,1000,108.892565
9359.87248,1000,109.222054
9359.971038,1000,109.551873
9359.893486,1000,109.88111
9359.979182,1000,110.210406
9359.781839,1000,110.538658
9359.918487,1000,110.866266
9359.88812,1000,111.193658
9359.564526,1000,111.521106
9359.743993,1000,111.850156
9359.56128,1000,115.406542
9359.975923,1000,115.735763
9359.77356,1000,116.064989
9359.788694,1000,116.393797
9359.424981,1000,116.72297
9359.877243,1000,117.051484
9359.587443,1000,117.380103
9359.416936,1000,117.709347
9359.846149,1000,118.040509
9359.95237,1000,118.369778
9359.656049,1000,121.929912
9359.881217,1000,122.260178
9359.532633,1000,122.589754
9359.718609,1000,122.919324
9359.599672,1000,123.249285
9359.879467,1000,123.581609
9359.943645,1000,123.911135
9359.907571,1000,124.240706
9359.931821,1000,124.570237
9359.747588,1000,124.900431
9359.79769,1000,128.457262
9359.818049,1000,128.786557
9359.901015,1000,129.11517
9359.406911,1000,129.443539
9359.794264,1000,129.771692
9359.895282,1000,130.099891
9359.333999,1000,130.427672
9359.849789,1000,130.755391
9359.698093,1000,131.083363
9359.862364,1000,131.411787
9359.900742,1000,134.970617
9359.865816,1000,135.300072
9359.285241,1000,135.629745
9359.89125,1000,135.959916
9359.717588,1000,136.289786
9359.722577,1000,136.618242
9359.803139,1000,136.947201
9359.885239,1000,137.275356
9359.702054,1000,137.603841
9359.696591,1000,137.933813
9359.761919,1000,141.488975
9359.799816,1000,141.818871
9359.778219,1000,142.149124
9359.827104,1000,142.478683
9359.644175,1000,142.808809
9359.775191,1000,143.136141
9359.666814,1000,143.464766
9359.811356,1000,143.793818
9359.816283,1000,144.123419
9359.622663,1000,144.452836
9353.439125,1000,148.014344
9354.906954,1000,148.345438
9353.199432,1000,148.676404
9355.241831,1000,149.007746
9353.748535,1000,149.338614
9353.722014,1000,149.669393
9353.933299,1000,150.00031
9353.475808,1000,150.331049
9353.53827,1000,150.661277
9353.503622,1000,150.992438
9359.92621,1000,154.545945
9359.798647,1000,154.874187
9359.924972,1000,155.201921
9359.827555,1000,155.529975
9359.848748,1000,155.857758
9359.683748,1000,156.186932
9359.841475,1000,156.515944
9359.815607,1000,156.845142
9359.709006,1000,157.174251
9359.942247,1000,157.502098
9336.863514,1000,161.062081
9336.412057,1000,161.393217
9336.916154,1000,161.725057
9336.788223,1000,162.055768
9336.85231,1000,162.386913
9336.286343,1000,162.717326
9336.719175,1000,163.046428
9336.86643,1000,163.376299
9336.501395,1000,163.706854
9336.862587,1000,164.03847
9332.651046,1000,167.591846
9331.835574,1000,167.922282
9331.81019,1000,168.253401
9332.198336,1000,168.583963
9332.075849,1000,168.914752
9332.575962,1000,169.245154
9331.852181,1000,169.575532
9332.780032,1000,169.905764
9332.56326,1000,170.236185
9332.615254,1000,170.56625
9336.947427,1000,174.128315
9337.958326,1000,174.459887
9337.329709,1000,174.790838
9338.063163,1000,175.121642
9336.7903,1000,175.453056
9338.21114,1000,175.783988
9336.843032,1000,176.114311
9336.825729,1000,176.444894
9337.288447,1000,176.776212
9338.022686,1000,177.107311
9315.253035,1000,180.666511
9315.372916,1000,180.99772
9315.367719,1000,181.328543
9315.037399,1000,181.659158
9316.027675,1000,181.990172
9315.835356,1000,182.320966
9315.407333,1000,182.651845
9315.024399,1000,182.98333
9315.023411,1000,183.314809
9314.970118,1000,183.64677
9314.050666,1000,187.206628
9313.575689,1000,187.538038
9314.335961,1000,187.869982
9313.864176,1000,188.201764
9313.614914,1000,188.533828
9313.711413,1000,188.865154
9313.927558,1000,189.196636
9314.13393,1000,189.528215
9313.81571,1000,189.85954
9314.688912,1000,190.19136
9324.624324,1000,193.748926
9324.836434,1000,194.080011
9325.25502,1000,194.410021
9324.486401,1000,194.739952
9324.696299,1000,195.070544
9324.374618,1000,195.400555
9325.091334,1000,195.730643
9325.370466,1000,196.061021
9325.324458,1000,196.391128
9324.388029,1000,196.721532
9324.255851,1000,200.281564
9324.572738,1000,200.61353
9324.453071,1000,200.944905
9324.261115,1000,201.276276
9324.397928,1000,201.608031
9324.78366,1000,201.939831
9325.14827,1000,202.271808
9324.540429,1000,202.603326
9324.619803,1000,202.934496
9324.371001,1000,203.265434
9315.054121,1000,206.825976
9315.092295,1000,207.157629
9315.008812,1000,207.488984
9315.184064,1000,207.82089
9315.54715,1000,208.152699
9315.682826,1000,208.484136
9315.888919,1000,208.815234
9315.787665,1000,209.146185
9314.983734,1000,209.477459
9315.302768,1000,209.808995
9314.285191,1000,213.366549
9314.348757,1000,213.697772
9314.44867,1000,214.029222
9314.966498,1000,214.362787
9314.095211,1000,214.693382
9314.670234,1000,215.023522
9314.586365,1000,215.3548
9314.497593,1000,215.685824
9313.910055,1000,216.016569
9314.686495,1000,216.347521
9331.123697,1000,219.869359
9331.926599,1000,220.200849
9331.740807,1000,220.532278
9331.866583,1000,220.863249
9331.323488,1000,221.194547
9331.881035,1000,221.525981
9331.874026,1000,221.857198
9331.784483,1000,222.188247
9331.668037,1000,222.519896
9332.629986,1000,222.85167
9318.689849,1000,226.408392
9319.340703,1000,226.736559
9319.040291,1000,227.064141
9320.426527,1000,227.395441
9319.638217,1000,227.727281
9318.781235,1000,228.055146
9318.808182,1000,228.383511
9321.889509,1000,228.714073
9320.020156,1000,229.042922
9320.054346,1000,229.3708
9313.718181,1000,232.922698
9315.454754,1000,233.251108
9313.688394,1000,233.582121
9314.419106,1000,233.913746
9313.7419,1000,234.241767
9316.338999,1000,234.569966
9314.173329,1000,234.899792
9313.704213,1000,235.230633
9315.277771,1000,235.558801
9313.846006,1000,235.887226
9322.812096,1000,239.442829
9323.362403,1000,239.774727
9322.844306,1000,240.106219
9322.752526,1000,240.437537
9325.4751,1000,240.769146
9323.349054,1000,241.100687
9325.225843,1000,241.432498
9322.672322,1000,241.764474
9323.441383,1000,242.096938
9325.415465,1000,242.429787
9359.468163,1000,245.982379
9359.454573,1000,246.307578
9359.00038,1000,246.63322
9358.922323,1000,246.957591
9359.495659,1000,247.282237
9358.862525,1000,247.607033
9359.360485,1000,247.931272
9359.327292,1000,248.255723
9359.20984,1000,248.580718
9358.994959,1000,248.906123
9348.58598,1000,252.460523
9348.284042,1000,252.788531
9348.543632,1000,253.116616
9348.262915,1000,253.444878
9348.304409,1000,253.773031
9348.483061,1000,254.100946
9348.47702,1000,254.42948
9348.397606,1000,254.756907
9348.395226,1000,255.084004
9348.508383,1000,255.411784
9357.898462,1000,258.93839
9358.334841,1000,259.262678
9358.33776,1000,259.587412
9358.314024,1000,259.911989
9358.09953,1000,260.236447
9358.327417,1000,260.562994
9358.277153,1000,260.890328
9358.227646,1000,261.215171
9358.230376,1000,261.540118
9358.087406,1000,261.86587
9357.794204,1000,265.41952
9357.691591,1000,265.744146
9357.775031,1000,266.068403
9357.719471,1000,266.395681
9357.953727,1000,266.723748
9357.775464,1000,267.048313
9357.631854,1000,267.37297
9357.854344,1000,267.699392
9357.876934,1000,268.025353
9357.718377,1000,268.350281
9348.617212,1000,271.904278
9348.575889,1000,272.235931
9348.733705,1000,272.564534
9348.609264,1000,272.892205
9348.651108,1000,273.222971
9348.763749,1000,273.55443
9348.538747,1000,273.882735
9348.599953,1000,274.210206
9348.174671,1000,274.538989
9348.608525,1000,274.873093
9357.858236,1000,278.401954
9358.033378,1000,278.72907
9357.869798,1000,279.056049
9357.797717,1000,279.382695
9357.750812,1000,279.709719
9357.778025,1000,280.036156
9358.082582,1000,280.362737
9357.964324,1000,280.689385
9357.719405,1000,281.015849
9358.042113,1000,281.342304
9355.227328,1000,284.897083
9355.959198,1000,285.227615
9355.817696,1000,285.557702
9355.314347,1000,285.887931
9355.656206,1000,286.218076
9355.032759,1000,286.548198
9356.084344,1000,286.878424
9355.684551,1000,287.208484
9355.070541,1000,287.538438
9355.698145,1000,287.869198
9349.049985,1000,291.426129
9349.05948,1000,291.757148
9349.092285,1000,292.088047
9349.397598,1000,292.418961
9349.024164,1000,292.750068
9349.131398,1000,293.080899
9349.036453,1000,293.41184
9349.184433,1000,293.743382
9349.310706,1000,294.074297
9349.152786,1000,294.406417
9355.494742,1000,297.961383
9355.722102,1000,298.292224
9355.62231,1000,298.622845
9355.888202,1000,298.952844
9355.697076,1000,299.282824
9355.616888,1000,299.613057
9355.93923,1000,299.942867
9356.105391,1000,300.273203
9355.591576,1000,300.603887
9355.718684,1000,300.934455
9324.131598,1000,304.493685
9324.015316,1000,304.825274
9324.201953,1000,305.157157
9331.744648,1000,305.488375
9324.195748,1000,305.819707
9332.524397,1000,306.152279
9332.347559,1000,306.484947
9332.452507,1000,306.817816
9332.507134,1000,307.150585
9323.931164,1000,307.482123
9356.000511,1000,311.043378
9356.628151,1000,311.376042
9356.364831,1000,311.708709
9356.349772,1000,312.041176
9356.416465,1000,312.373717
9356.486158,1000,312.706544
9356.318681,1000,313.039135
9356.355153,1000,313.371779
9356.562971,1000,313.704499
9356.555343,1000,314.037246
9354.767039,1000,317.602791
9354.82841,1000,317.935846
9354.568563,1000,318.268697
9354.614591,1000,318.600967
9354.641031,1000,318.933643
9354.679295,1000,319.266287
9354.340173,1000,319.598878
9354.77229,1000,319.932125
9354.616501,1000,320.264836
9354.841734,1000,320.597102
9343.504889,1000,324.163697
9342.972331,1000,324.495465
9343.560252,1000,324.826859
9343.635737,1000,325.158841
9343.450796,1000,325.490805
9343.43074,1000,325.821525
9343.405539,1000,326.152696
9343.526383,1000,326.483762
9343.651365,1000,326.814758
9343.366617,1000,327.146867
9352.846909,1000,330.71453
9353.596428,1000,331.046082
9353.127598,1000,331.377387
9353.176627,1000,331.708541
9353.131961,1000,332.040296
9352.997729,1000,332.371619
9353.744555,1000,332.702622
9353.897968,1000,333.034648
9352.509165,1000,333.366245
9353.648941,1000,333.697765
9332.531539,1000,337.266598
9331.480975,1000,337.599026
9331.482527,1000,337.931214
9331.531128,1000,338.263958
9331.911783,1000,338.596669
9331.659979,1000,338.928721
9331.680532,1000,339.26034
9331.609112,1000,339.591134
9331.411031,1000,339.922534
9331.406873,1000,340.254619
9359.521965,1000,343.82173
9359.602597,1000,344.153693
9359.448256,1000,344.485192
9359.631402,1000,344.816734
9359.702796,1000,345.149031
9359.523243,1000,345.479647
9358.877251,1000,345.809654
9359.697649,1000,346.140321
9359.479328,1000,346.470743
9359.069957,1000,346.802281
9336.519333,1000,350.369102
9336.83481,1000,350.700248
9336.508705,1000,351.031814
9336.75063,1000,351.363146
9336.488956,1000,351.693845
9336.416671,1000,352.024516
9336.688053,1000,352.355579
9336.842801,1000,352.686764
9336.864613,1000,353.018216
9336.734519,1000,353.349315
9326.996667,1000,356.915509
9327.061506,1000,357.246683
9326.971841,1000,357.577661
9327.544446,1000,357.908802
9327.705525,1000,358.239955
9327.533575,1000,358.570452
9327.036515,1000,358.900691
9327.264937,1000,359.231357
9327.14384,1000,359.561972
9326.953391,1000,359.892703
9352.57837,1000,363.458093
9352.830689,1000,363.789576
9352.709866,1000,364.119864
9352.439621,1000,364.450123
9352.736027,1000,364.779856
9352.825341,1000,365.109236
9353.007206,1000,365.441945
9352.789519,1000,365.772035
9352.670877,1000,366.102759
9352.784387,1000,366.432954
9345.518587,1000,369.994937
9345.368542,1000,370.325926
9345.258239,1000,370.65762
9345.075108,1000,370.98876
9345.248215,1000,371.320294
9345.259882,1000,371.650789
9345.259229,1000,371.981785
9345.281104,1000,372.312973
9345.29144,1000,372.643378
9345.331116,1000,372.97471
9312.034702,1000,376.53197
9320.172942,1000,376.863447
9311.757914,1000,377.192289
9320.089689,1000,377.519864
9320.206034,1000,377.850148
9311.627896,1000,378.178438
9320.300244,1000,378.505302
9320.235731,1000,378.834623
9320.217659,1000,379.16496
9312.138725,1000,379.493237
9327.919725,1000,383.055824
9328.567373,1000,383.3862
9328.024212,1000,383.716406
9328.545975,1000,384.047206
9328.236674,1000,384.378949
9327.767046,1000,384.70834
9328.729464,1000,385.03528
9327.600086,1000,385.362086
9328.186107,1000,385.691377
9328.459515,1000,386.02253
9311.812859,1000,389.588018
9311.754867,1000,389.919221
9311.733432,1000,390.250158
9312.327145,1000,390.581146
9311.84085,1000,390.912427
9311.662694,1000,391.241306
9311.990914,1000,391.568655
9311.795517,1000,391.897886
9311.957746,1000,392.226895
9311.658681,1000,392.556552
9331.828207,1000,396.115204
9331.750872,1000,396.445542
9332.053894,1000,396.776412
9332.069039,1000,397.104491
9332.030968,1000,397.432748
9332.261355,1000,397.761081
9332.042906,1000,398.088285
9331.808149,1000,398.415891
9331.82142,1000,398.743528
9331.816537,1000,399.070812
9342.110288,1000,402.633687
9341.939793,1000,402.962375
9342.077352,1000,403.290185
9342.038594,1000,403.616803
9341.986633,1000,403.943903
9342.35368,1000,404.270655
9342.384963,1000,404.598129
9341.982814,1000,404.925057
9341.85574,1000,405.251819
9342.073377,1000,405.579038
9316.634104,1000,409.150369
9311.388756,1000,409.481044
9311.507816,1000,409.812733
9311.267062,1000,410.144263
9311.519386,1000,410.47462
9311.747096,1000,410.80541
9311.688789,1000,411.137535
9311.530465,1000,411.469439
9311.739693,1000,411.801053
9311.470561,1000,412.132459
9313.289182,1000,415.704392
9312.763613,1000,416.032323
9312.868938,1000,416.360476
9313.00669,1000,416.68866
9312.98787,1000,417.016422
9312.825104,1000,417.342909
9312.959381,1000,417.669657
9313.908402,1000,417.996988
9313.020425,1000,418.324361
9313.161975,1000,418.652574
9319.404849,1000,422.235627
9319.290759,1000,422.56768
9319.21065,1000,422.899552
9319.142814,1000,423.231313
9319.034206,1000,423.563575
9319.655158,1000,423.894597
9320.672183,1000,424.226105
9319.424902,1000,424.557254
9320.174542,1000,424.888164
9319.788706,1000,425.219097
9313.401016,1000,428.810493
9312.10382,1000,429.142043
9312.361861,1000,429.47293
9314.591672,1000,429.804469
9312.516714,1000,430.13507
9312.267267,1000,430.465847
9311.909676,1000,430.796769
9312.315877,1000,431.127318
9312.302715,1000,431.457811
9313.924618,1000,431.789249
9312.270423,1000,435.379739
9312.308873,1000,435.711211
9312.371232,1000,436.042634
9312.315133,1000,436.373724
9312.185348,1000,436.704733
9312.358184,1000,437.035391
9312.259104,1000,437.36631
9312.271454,1000,437.696742
9312.276664,1000,438.027831
9312.175545,1000,438.359537
9313.501188,1000,441.958197
9313.545533,1000,442.289313
9313.257798,1000,442.620643
9313.406485,1000,442.952242
9313.391833,1000,443.283659
9313.446085,1000,443.614823
9313.313101,1000,443.946095
9313.438844,1000,444.276597
9313.289193,1000,444.607547
9313.792781,1000,444.938349
9313.314713,1000,448.545485
9313.240961,1000,448.87661
9313.015226,1000,449.207738
9313.802405,1000,449.538082
9314.006838,1000,449.868569
9313.481165,1000,450.199102
9314.74687,1000,450.528774
9314.339039,1000,450.858993
9313.703326,1000,451.1898
9313.397279,1000,451.520449
9310.358503,1000,455.138151
9310.496312,1000,455.469619
9310.357858,1000,455.803326
9310.437884,1000,456.134051
9310.25359,1000,456.464608
9310.378246,1000,456.795508
9310.478286,1000,457.1262
9310.273609,1000,457.457142
9310.264902,1000,457.788474
9310.25296,1000,458.119473
9313.966095,1000,461.751645
9313.275253,1000,462.082901
9313.178383,1000,462.413085
9313.369422,1000,462.743911
9313.509759,1000,463.075181
9313.630154,1000,463.405592
9313.43303,1000,463.736305
9313.054374,1000,464.067253
9313.496729,1000,464.397196
9313.249651,1000,464.727563
9310.804999,1000,468.364341
9309.871378,1000,468.695668
9311.012584,1000,469.026628
9310.936405,1000,469.357332
9309.881992,1000,469.688102
9310.980123,1000,470.018606
9309.85037,1000,470.348844
9309.878329,1000,470.679092
9309.943358,1000,471.009414
9309.913071,1000,471.339961
9317.050658,1000,474.985079
9317.379273,1000,475.314078
9318.321192,1000,475.642417
9317.61904,1000,475.970635
9315.14455,1000,476.298912
9318.906893,1000,476.627154
9315.3668,1000,476.956028
9320.528154,1000,477.28693
9317.972765,1000,477.61762
9316.463821,1000,477.948671
9309.240964,1000,481.605949
9309.207307,1000,481.93647
9310.103256,1000,482.267186
9309.689379,1000,482.598274
9309.691261,1000,482.929667
9309.816063,1000,483.260939
9309.120718,1000,483.591765
9309.693696,1000,483.92368
9310.153973,1000,484.255046
9309.473671,1000,484.585863
9312.717556,1000,488.251683
9313.068656,1000,488.583799
9312.512169,1000,488.916259
9313.471929,1000,489.247677
9312.931153,1000,489.579114
9313.319175,1000,489.910619
9313.457594,1000,490.240808
9313.607528,1000,490.571352
9313.839476,1000,490.902066
9313.680981,1000,491.23377
9310.638619,1000,494.909066
9311.453026,1000,495.241745
9309.954562,1000,495.574712
9310.631794,1000,495.906982
9310.019965,1000,496.239273
9310.722883,1000,496.571043
9311.128347,1000,496.902993
9310.787593,1000,497.235322
9311.742622,1000,497.567873
9311.453889,1000,497.899524
9313.53968,1000,501.581772
9312.820363,1000,501.91339
9312.602162,1000,502.245236
9312.868156,1000,502.576662
9313.343195,1000,502.908417
9312.818767,1000,503.239128
9312.614525,1000,503.569767
9312.366738,1000,503.900792
9313.635153,1000,504.231552
9312.893457,1000,504.562639
9312.280409,1000,508.245326
9310.826455,1000,508.576327
9312.062827,1000,508.908057
9312.019268,1000,509.239634
9310.953018,1000,509.570605
9310.83446,1000,509.902939
9311.324095,1000,510.235437
9311.431379,1000,510.567173
9311.169654,1000,510.899441
9310.94343,1000,511.231251
9311.442014,1000,514.914406
9311.026089,1000,515.245807
9311.146909,1000,515.577567
538.66043,58,515.597137
9311.594647,1000,515.928687
519.919215,56,515.947553
9310.796931,1000,516.28113
9311.137719,1000,516.611575
9311.333156,1000,516.942137
9310.492967,1000,517.273512
509.922844,55,520.648551
9313.500027,1000,520.981217
9312.257284,1000,521.313411
556.930747,60,521.333693
9312.830463,1000,521.665958
9313.189925,1000,521.998602
9312.291824,1000,522.330497
9313.000486,1000,522.662128
9312.804393,1000,522.994682
9312.545999,1000,523.326329
482.761883,52,527.372729
9315.490279,1000,527.704746
9317.231673,1000,528.036342
9317.42838,1000,528.367568
9316.801876,1000,528.698338
9316.391899,1000,529.030479
9315.803097,1000,529.362212
445.315537,48,529.378478
9316.371029,1000,529.710337
9316.322148,1000,530.042447
510.196929,55,530.617722
9311.653798,1000,530.948621
9312.008393,1000,531.28087
9311.486902,1000,531.613634
9311.692938,1000,531.94634
9311.556044,1000,532.278644
9311.974784,1000,532.610884
9312.397364,1000,532.942659
9312.245065,1000,533.274887
9311.429005,1000,533.607478
9313.772473,1000,537.581179
9312.0464,1000,537.913905
9314.00135,1000,538.246041
9309.692388,1000,538.578238
9314.167123,1000,538.909783
9310.935867,1000,539.241756
519.626966,56,539.26074
9310.371418,1000,539.592916
9314.087877,1000,539.924901
9310.454343,1000,540.256991
538.494518,58,543.41066
9311.433809,1000,543.743469
9312.134004,1000,544.076491
9311.041528,1000,544.410108
9310.99051,1000,544.739672
9310.068684,1000,545.072311
9309.725392,1000,545.403947
9309.478083,1000,545.735305
9312.213575,1000,546.064751
9310.768228,1000,546.397011
9310.913905,1000,550.372631
445.092684,48,550.38902
500.732284,54,550.407333
9311.720532,1000,550.740348
9311.329917,1000,551.072436
9311.321932,1000,551.403094
9311.79005,1000,551.733642
9311.351873,1000,552.064325
9311.590153,1000,552.394664
9311.330163,1000,552.726133
9311.994625,1000,558.160029
9312.44406,1000,558.492083
9312.380164,1000,558.820868
9312.05286,1000,559.148765
9312.267012,1000,559.479162
9312.242283,1000,559.812063
9311.7987,1000,560.143096
9312.010775,1000,560.472207
9312.404922,1000,560.803609
9311.577704,1000,561.137179
444.394064,48,564.514987
9314.074243,1000,564.843362
9313.504897,1000,565.172854
305.910575,33,565.184129
9313.519911,1000,565.51555
9313.646779,1000,565.847134
556.938741,60,565.867348
9313.914846,1000,566.198858
9314.587393,1000,566.531045
9314.481284,1000,566.862332
9309.53594,1000,568.391851
9309.831128,1000,568.726162
463.354699,50,568.743208
9309.618782,1000,569.076288
9310.145946,1000,569.409103
9309.348409,1000,569.740594
9310.868396,1000,570.07216
472.790649,51,570.089391
9309.352234,1000,570.421015
9309.095655,1000,570.753916
9311.599077,1000,574.444258
9310.832984,1000,574.775709
9312.077064,1000,575.106904
9311.231568,1000,575.437553
9311.722946,1000,575.76713
9312.050416,1000,576.093357
9310.70803,1000,576.422564
9311.362359,1000,576.755056
9311.48935,1000,577.085213
9311.28946,1000,577.415925
9311.668596,1000,581.100365
9311.293371,1000,581.428924
9311.500975,1000,581.760675
9311.407533,1000,582.091864
9311.591699,1000,582.423767
9311.512013,1000,582.755083
9311.084575,1000,583.08562
9311.223456,1000,583.416657
9311.520899,1000,583.747654
9311.044577,1000,584.078985
9308.993442,1000,589.950017
9308.265388,1000,590.281426
9308.397869,1000,590.61309
9308.538227,1000,590.944539
9308.212671,1000,591.275612
9308.554499,1000,591.60655
9308.55035,1000,591.937804
9308.647036,1000,592.26863
9308.256468,1000,592.599441
9308.398974,1000,592.930845
9311.306121,1000,596.619064
9310.956788,1000,596.949838
9311.178163,1000,597.281063
9311.241491,1000,597.612475
9311.531894,1000,597.944452
9311.340391,1000,598.276799
9311.520554,1000,598.609601
9313.167493,1000,598.942159
9311.802709,1000,599.274427
9311.856333,1000,599.606089
9308.773832,1000,601.869497
9308.842832,1000,602.20123
9308.600376,1000,602.53354
9308.89907,1000,602.865623
9308.62447,1000,603.196866
9308.582081,1000,603.527864
9308.718756,1000,603.859168
9308.35092,1000,604.190264
9308.53501,1000,604.520858
9308.733348,1000,604.8518
9309.222158,1000,608.53984
9309.102884,1000,608.870953
9309.008417,1000,609.201807
9309.10213,1000,609.532259
9308.87401,1000,609.862706
9308.982538,1000,610.192852
9308.984573,1000,610.523775
9309.349315,1000,610.85398
9308.851536,1000,611.184281
9308.775064,1000,611.515122
9308.281033,1000,615.20708
9308.401971,1000,615.538652
9308.195409,1000,615.869862
9308.310511,1000,616.200894
9308.369141,1000,616.532109
9307.871931,1000,616.862874
9307.818197,1000,617.193394
9308.131749,1000,617.524505
9308.403622,1000,617.854578
9308.54277,1000,618.185067
9308.891752,1000,621.866147
9308.68878,1000,622.196774
9308.728063,1000,622.52845
9308.691387,1000,622.85966
9308.628659,1000,623.190614
9308.7818,1000,623.522348
9308.580218,1000,623.853695
9308.809826,1000,624.184371
9308.654864,1000,624.515628
9308.780026,1000,624.84679
9312.252777,1000,628.53243
9312.882579,1000,628.864158
9311.638159,1000,629.195307
9312.590345,1000,629.526651
9311.198928,1000,629.858345
9311.759731,1000,630.19015
9313.079252,1000,630.521135
9311.778309,1000,630.853067
9312.569166,1000,631.184965
9312.277191,1000,631.51754
9313.826263,1000,635.211223
9313.252366,1000,635.542983
9313.888876,1000,635.874094
9313.686745,1000,636.204934
9313.409861,1000,636.535681
9314.211816,1000,636.865817
9313.359638,1000,637.198685
9314.427108,1000,637.529296
9313.95403,1000,637.860032
9313.433176,1000,638.19096
9313.3426,1000,641.878811
9313.940109,1000,642.210178
9313.621488,1000,642.541325
9313.802615,1000,642.872329
9313.905369,1000,643.203259
9313.662765,1000,643.53429
9313.827366,1000,643.86552
9313.904342,1000,644.196469
9313.283693,1000,644.527236
9314.161583,1000,644.859144
9312.918919,1000,648.546483
9312.772098,1000,648.878107
9313.262577,1000,649.209069
9313.392876,1000,649.540277
9313.227782,1000,649.871165
9313.272621,1000,650.20189
9313.046151,1000,650.531993
9313.605225,1000,650.862657
9312.858993,1000,651.193262
9313.825873,1000,651.523946
9307.919101,1000,655.213321
9307.962752,1000,655.545293
9308.035372,1000,655.876951
9307.987125,1000,656.207038
9307.921939,1000,656.537672
9308.022066,1000,656.868542
9307.996349,1000,657.199226
9308.015256,1000,657.530209
9307.95616,1000,657.86129
9308.026077,1000,658.192028
9312.41758,1000,661.880442
9312.516021,1000,662.211073
9312.746746,1000,662.541726
9312.635797,1000,662.871895
9312.705376,1000,663.202452
9312.688276,1000,663.533234
9312.672798,1000,663.863945
9312.792932,1000,664.194417
9312.820904,1000,664.524957
9312.755659,1000,664.855617
9314.777752,1000,668.548748
9314.393858,1000,668.881139
9315.037434,1000,669.213347
9314.925686,1000,669.545516
9315.070932,1000,669.878149
9314.660958,1000,670.2118
9314.681142,1000,670.5452
9314.826343,1000,670.878781
9314.188565,1000,671.211805
9315.056538,1000,671.543168
9313.093614,1000,675.230101
9312.721877,1000,675.561953
9312.1961,1000,675.894145
9312.518336,1000,676.225698
9312.544642,1000,676.55718
9312.587496,1000,676.88791
9312.562753,1000,677.218641
9312.806361,1000,677.549453
9313.012469,1000,677.879656
9312.49752,1000,678.211075
9308.895101,1000,681.909885
9308.848086,1000,682.241522
9308.797076,1000,682.572814
9308.796137,1000,682.904381
9308.767139,1000,683.235674
9308.845173,1000,683.566205
9308.883016,1000,683.89702
9308.748645,1000,684.227782
9308.853448,1000,684.559108
9308.929104,1000,684.889773
9309.350731,1000,688.588027
9309.384055,1000,688.919324
9311.583492,1000,689.250738
9311.467894,1000,689.58181
9309.115652,1000,689.912441
9309.139142,1000,690.242727
9311.200418,1000,690.573081
9309.369389,1000,690.903699
9311.551396,1000,691.23401
9309.531398,1000,691.565464
9308.056471,1000,695.262901
9308.099518,1000,695.594358
9308.411688,1000,695.926217
9308.122296,1000,696.258227
9307.973511,1000,696.590146
9308.170233,1000,696.920534
9308.070573,1000,697.251817
9308.201185,1000,697.585266
9308.291446,1000,697.915731
9308.159333,1000,698.246763
9307.717022,1000,701.949297
9307.708401,1000,702.280649
9307.627541,1000,702.611716
9307.567136,1000,702.942432
9307.539636,1000,703.273588
9307.649254,1000,703.604632
9307.537179,1000,703.935823
9307.570796,1000,704.267113
9307.547981,1000,704.598336
9307.710219,1000,704.92974
9307.60917,1000,708.63078
9307.532894,1000,708.961873
9307.252478,1000,709.29245
9307.380339,1000,709.622853
9307.570366,1000,709.953649
9307.582607,1000,710.284023
9307.595684,1000,710.614291
9307.557269,1000,710.944656
9307.642144,1000,711.274851
9307.329736,1000,711.60514
9312.25475,1000,715.302817
9312.69248,1000,715.632855
9312.445198,1000,715.962881
9312.292794,1000,716.293169
9312.623147,1000,716.623751
9312.356478,1000,716.953978
9312.765072,1000,717.28418
9312.83468,1000,717.615041
9313.446886,1000,717.945461
9312.640145,1000,718.276062
9312.822949,1000,721.979133
9312.902848,1000,722.310024
9312.74781,1000,722.640695
9312.967284,1000,722.971192
9313.306853,1000,723.301947
9312.973249,1000,723.631949
9312.629084,1000,723.962076
9312.896792,1000,724.292118
9312.920376,1000,724.622038
9313.072676,1000,724.951791
9310.451896,1000,728.657724
9310.561785,1000,728.989753
9310.65926,1000,729.320795
9310.454501,1000,729.651871
9310.578555,1000,729.982676
9310.52534,1000,730.313422
9310.328074,1000,730.645217
9310.499886,1000,730.976463
9310.55156,1000,731.307922
9310.476087,1000,731.638494
9306.966558,1000,735.344048
9306.973828,1000,735.676072
9307.040804,1000,736.008145
9306.985844,1000,736.340288
9306.896017,1000,736.672059
9307.059347,1000,737.003637
9307.124239,1000,737.335634
9306.896058,1000,737.667389
9306.984937,1000,737.999243
9306.89139,1000,738.332187
9311.180161,1000,742.036923
9311.321349,1000,742.36846
9311.799507,1000,742.700317
9311.706674,1000,743.03223
9311.198521,1000,743.363804
9311.145229,1000,743.695428
9311.640854,1000,744.026824
9311.322971,1000,744.357463
9311.878667,1000,744.688429
9311.448807,1000,745.019618
9308.031492,1000,748.724341
9308.021522,1000,749.056087
9308.015943,1000,749.387434
9307.858782,1000,749.718571
9308.088336,1000,750.050038
9307.688158,1000,750.381254
9307.981278,1000,750.711968
9308.140654,1000,751.042183
9308.237588,1000,751.372102
9307.801371,1000,751.702561
9309.320136,1000,755.410685
9309.369347,1000,755.741385
9309.419914,1000,756.071592
9309.247944,1000,756.399229
9309.340286,1000,756.728927
9309.344521,1000,757.058063
9309.210302,1000,757.387321
9309.512512,1000,757.720066
9309.414294,1000,758.05016
9309.455801,1000,758.380072
9309.779864,1000,762.087809
9309.850076,1000,762.419202
9309.977228,1000,762.750444
9309.892155,1000,763.081553
9309.807598,1000,763.412613
9309.852612,1000,763.743665
9309.874634,1000,764.074597
9309.871819,1000,764.405583
9309.834562,1000,764.736371
9309.915483,1000,765.067627
9311.448914,1000,768.772345
9311.331462,1000,769.101933
9311.191007,1000,769.431359
9311.537173,1000,769.761032
9311.380789,1000,770.090523
9311.394784,1000,770.420144
9312.225939,1000,770.749753
9311.630831,1000,771.07951
9311.835718,1000,771.40844
9311.692888,1000,771.737735
9310.155869,1000,775.443357
9310.302404,1000,775.774109
9310.326992,1000,776.104657
9310.169287,1000,776.435361
9309.835954,1000,776.764105
9309.989637,1000,777.092532
9309.910173,1000,777.42315
9309.759977,1000,777.754129
9310.148498,1000,778.085129
9310.302792,1000,778.415526
9311.200071,1000,782.126686
9308.299003,1000,782.457362
9308.215104,1000,782.788107
9308.241063,1000,783.118667
9311.070339,1000,783.449139
9308.248098,1000,783.779254
9308.228245,1000,784.108994
9308.2822,1000,784.438804
9311.185297,1000,784.76877
9308.23839,1000,785.098848
9308.322509,1000,788.808369
9308.195314,1000,789.138574
9308.234655,1000,789.468388
9308.26768,1000,789.798594
9308.337655,1000,790.128453
9308.254409,1000,790.45798
9308.254869,1000,790.78763
9308.301734,1000,791.116809
9308.335974,1000,791.446144
9308.412547,1000,791.775793
9311.86253,1000,795.483659
9311.841175,1000,795.814541
9311.759561,1000,796.144779
9311.794303,1000,796.47453
9311.814562,1000,796.804145
9311.747912,1000,797.133844
9311.790745,1000,797.463708
9311.793423,1000,797.793697
9311.971226,1000,798.12409
9311.75164,1000,798.454008
9308.773011,1000,802.168734
9308.738641,1000,802.499762
9308.798267,1000,802.830674
9308.732721,1000,803.161231
9308.729058,1000,803.491755
9308.679613,1000,803.822243
9308.83676,1000,804.152692
9308.515705,1000,804.483151
9308.871624,1000,804.81356
9308.781314,1000,805.144277
9313.936222,1000,808.844749
9313.175428,1000,809.172906
9314.040105,1000,809.502608
9313.799829,1000,809.832268
9314.011981,1000,810.162368
9313.904824,1000,810.492203
9313.974807,1000,810.821013
9313.869667,1000,811.149009
9314.032261,1000,811.47715
9313.948768,1000,811.805193
9308.459432,1000,815.510795
9308.244007,1000,815.842565
9308.333182,1000,816.174165
9308.210287,1000,816.505513
9308.302661,1000,816.83666
9308.326177,1000,817.168368
9308.283805,1000,817.499244
9308.179182,1000,817.83044
9308.379726,1000,818.163465
9308.278115,1000,818.493907
9310.631665,1000,822.19977
9310.753396,1000,822.530245
9310.608739,1000,822.860384
9310.649136,1000,823.190337
9310.669279,1000,823.520067
9310.588575,1000,823.849233
9310.517261,1000,824.179941
9310.608979,1000,824.509926
9310.73172,1000,824.839994
9310.656839,1000,825.16941
9315.063317,1000,828.878684
9314.991741,1000,829.20957
9314.978402,1000,829.54011
9314.315814,1000,829.871266
9315.738817,1000,830.201544
9314.667581,1000,830.53162
9315.410277,1000,830.861503
9315.320985,1000,831.19187
9315.162107,1000,831.521947
9315.264345,1000,831.851887
9309.091656,1000,835.555214
9309.188765,1000,835.883389
9309.1558,1000,836.210896
9309.156338,1000,836.538091
9309.142621,1000,836.865068
9309.106741,1000,837.191881
9309.143294,1000,837.518863
9309.094485,1000,837.845545
9309.119522,1000,838.173046
9309.052558,1000,838.500728
9304.816703,1000,842.204798
9304.661954,1000,842.532439
9304.863887,1000,842.859361
9304.842092,1000,843.190006
9304.832876,1000,843.521352
9305.16708,1000,843.848926
9304.801922,1000,844.176693
9304.851254,1000,844.504577
9304.825737,1000,844.832795
9304.868201,1000,845.159631
584.986012,63,850.565347
631.5736,68,850.588312
593.945133,64,850.609845
584.792579,63,850.63099
557.183205,60,850.651119
808.061876,87,850.680226
594.261397,64,850.701713
854.743768,92,850.732445
529.035163,57,850.751576
650.078042,70,850.775058
9309.335765,1000,851.977502
9308.728556,1000,852.306266
9309.117999,1000,852.633125
9308.870331,1000,852.959762
9309.309289,1000,853.28635
9309.210444,1000,853.613096
9309.382959,1000,853.940434
9309.18594,1000,854.267483
9309.239839,1000,854.594069
9309.187154,1000,854.92048
9284.832781,1000,861.284423
9284.726661,1000,861.616257
770.019355,83,861.644171
9284.936809,1000,861.97608
9284.931782,1000,862.308509
9284.887265,1000,862.641049
9284.810623,1000,862.972855
9284.739696,1000,863.30463
9285.042442,1000,863.636947
9284.824602,1000,863.969027
9295.996628,1000,865.486286
9302.22341,1000,865.817352
9296.100972,1000,866.14841
9302.171165,1000,866.479355
9302.171585,1000,866.81007
9302.101807,1000,867.141024
9302.252254,1000,867.471978
9296.142934,1000,867.802465
9295.775444,1000,868.133523
9302.306434,1000,868.465328
9303.118588,1000,873.831454
9303.096216,1000,874.162353
9303.030324,1000,874.4924
9303.117667,1000,874.823096
9303.038006,1000,875.153127
9303.225408,1000,875.483244
9303.092164,1000,875.811266
9303.136216,1000,876.139067
9303.086779,1000,876.466431
9303.221327,1000,876.796857
9293.591041,1000,880.907754
9293.516868,1000,881.240734
9293.315714,1000,881.572988
9293.583046,1000,881.905131
9293.585765,1000,882.237022
9293.596748,1000,882.568161
9293.606746,1000,882.899461
9292.119187,1000,883.227965
9293.539347,1000,883.555102
9293.472617,1000,883.886654
9297.185242,1000,885.463301
9297.078176,1000,885.790135
9297.159282,1000,886.116948
9297.100582,1000,886.444539
9297.009605,1000,886.771974
9297.176379,1000,887.09913
9297.008865,1000,887.426956
9297.134581,1000,887.75437
9296.827159,1000,888.081923
9297.093532,1000,888.410838
9312.698766,1000,893.009747
9312.671492,1000,893.33646
9312.489417,1000,893.663667
9312.676854,1000,893.990443
9312.687641,1000,894.317153
9312.737312,1000,894.644575
9312.549275,1000,894.971292
9312.857227,1000,895.298489
9312.692137,1000,895.625831
9312.854968,1000,895.952777
9307.147797,1000,901.157782
9307.436045,1000,901.489446
9307.408912,1000,901.821296
9307.267131,1000,902.153117
9306.919033,1000,902.48394
9307.326995,1000,902.815889
9307.319117,1000,903.148448
9307.097498,1000,903.480611
9307.271284,1000,903.812646
9307.266743,1000,904.144773
9313.422347,1000,905.043856
9313.433131,1000,905.376339
9312.407309,1000,905.708273
9313.419533,1000,906.040219
9312.041238,1000,906.372267
9313.400833,1000,906.704178
9313.196358,1000,907.036841
9313.491734,1000,907.368891
9313.244444,1000,907.701337
9313.404232,1000,908.03446
9305.666733,1000,912.424016
9305.803357,1000,912.755346
9305.726911,1000,913.086219
9305.750769,1000,913.417298
9305.740615,1000,913.748734
9305.626676,1000,914.079901
9305.628215,1000,914.410927
9305.795453,1000,914.741652
9305.804927,1000,915.072591
9305.721818,1000,915.403618
9292.773774,1000,920.706889
9292.968784,1000,921.039358
9292.659333,1000,921.370952
9292.377072,1000,921.703153
9292.419783,1000,922.035065
9292.55748,1000,922.366382
9292.559284,1000,922.697529
9292.479059,1000,923.029101
9292.684466,1000,923.360312
9292.706534,1000,923.691731
9295.468543,1000,927.471668
9295.854429,1000,927.803865
9296.619511,1000,928.135046
9295.690073,1000,928.466424
9295.815489,1000,928.797889
9295.618504,1000,929.129284
9295.713511,1000,929.460234
9295.47068,1000,929.791784
9295.63851,1000,930.123412
9295.796203,1000,930.454682
9299.490968,1000,933.990065
9299.527423,1000,934.321295
9299.496576,1000,934.651668
9299.573936,1000,934.982208
9299.528303,1000,935.312457
9299.288831,1000,935.643224
9299.338821,1000,935.97428
9299.454244,1000,936.305233
9299.486035,1000,936.636213
9304.410474,1000,936.9671
9300.599775,1000,940.599075
9300.793914,1000,940.929887
9300.867199,1000,941.261205
9300.757585,1000,941.592544
9300.803212,1000,941.923096
9300.983467,1000,942.254344
9300.789202,1000,942.585509
9300.628067,1000,942.917421
9300.978125,1000,943.248661
9301.066277,1000,943.579444
9313.337711,1000,947.706067
9303.753734,1000,948.035849
9313.25477,1000,948.364246
9312.95296,1000,948.691374
9313.238388,1000,949.018585
9313.339239,1000,949.347266
9313.192006,1000,949.674432
9313.27962,1000,950.002005
9313.139786,1000,950.328848
9313.164336,1000,950.656138
9303.018796,1000,953.425904
9302.684506,1000,953.756153
9302.743406,1000,954.086142
9302.732382,1000,954.416193
9302.716933,1000,954.746185
9302.803537,1000,955.076927
9302.726142,1000,955.407199
9302.79438,1000,955.7374
9302.812118,1000,956.068105
9302.665576,1000,956.398444
9304.216928,1000,960.129063
9303.516894,1000,960.459123
9303.550256,1000,960.789007
9304.179004,1000,961.119012
9304.239586,1000,961.449011
9303.553704,1000,961.779414
9303.929084,1000,962.11024
9304.289587,1000,962.440628
9304.508582,1000,962.771613
9317.620161,1000,963.10183
9300.405351,1000,967.568251
9300.323547,1000,967.899462
9300.188994,1000,968.2304
9300.220155,1000,968.561092
9300.392798,1000,968.891643
9300.26762,1000,969.226016
9300.31756,1000,969.558404
9300.334249,1000,969.89015
9300.306291,1000,970.222126
9300.367332,1000,970.551257
9308.790981,1000,974.282919
9309.047976,1000,974.614826
9308.818439,1000,974.947128
9309.016134,1000,975.27892
9308.750761,1000,975.610368
9308.857716,1000,975.941789
9309.051471,1000,976.273076
9308.918121,1000,976.603952
9308.949748,1000,976.934873
9308.931345,1000,977.266579
539.650876,58,981.388614
585.600752,63,981.40998
669.88545,72,981.434265
482.913399,52,981.451916
501.794762,54,981.470162
511.390412,55,981.488747
576.273406,62,981.509593
622.748145,67,981.532114
409.02812,44,981.547017
632.843693,68,981.569917
9314.157576,1000,983.009979
9313.833025,1000,983.341228
9314.130543,1000,983.672161
9314.098516,1000,984.00356
9314.413348,1000,984.335495
9314.395614,1000,984.666242
9313.302246,1000,984.997369
9312.710102,1000,985.327454
9314.297827,1000,985.657415
9312.168488,1000,985.988555
9309.722024,1000,992.02867
9309.638799,1000,992.359513
9309.468188,1000,992.690208
9309.587997,1000,993.021465
9309.603447,1000,993.352513
9309.672055,1000,993.68386
9309.751308,1000,994.015703
9309.733285,1000,994.34756
9309.810373,1000,994.679086
9309.535856,1000,995.010857
9310.825537,1000,997.469277
9310.732677,1000,997.801229
9310.730098,1000,998.132936
9310.532572,1000,998.465477
9310.859595,1000,998.79751
9310.714297,1000,999.129015
9310.766776,1000,999.460452
9310.743126,1000,999.791543
9310.681704,1000,1000.123176
9310.810154,1000,1000.4553
9317.365186,1000,1004.258623
9317.100963,1000,1004.589929
9317.613016,1000,1004.920884
9317.656858,1000,1005.252239
9317.698383,1000,1005.583867
9317.810721,1000,1005.91456
9317.346125,1000,1006.245527
9317.661651,1000,1006.577124
9317.656578,1000,1006.908429
9317.308245,1000,1007.239413
529.890916,57,1011.938221
427.261515,46,1011.953841
408.86592,44,1011.968699
520.552861,56,1011.987504
630.976677,68,1012.010288
492.105065,53,1012.028181
631.032286,68,1012.050933
436.898653,47,1012.066735
502.088771,54,1012.084869
519.891749,56,1012.10369
9318.608495,1000,1015.832793
9312.107028,1000,1016.163961
9319.10817,1000,1016.494771
9311.952595,1000,1016.825715
9312.030706,1000,1017.15704
9318.629655,1000,1017.488
9318.696715,1000,1017.818928
9318.817613,1000,1018.149669
9318.748618,1000,1018.479962
9319.179408,1000,1018.810198
9307.501377,1000,1022.216452
9307.292806,1000,1022.547964
9307.539696,1000,1022.878961
9307.579496,1000,1023.210239
9307.026601,1000,1023.541749
9307.567814,1000,1023.872511
9307.619776,1000,1024.203455
9307.670435,1000,1024.535122
9307.505536,1000,1024.866953
9307.614004,1000,1025.198269
9317.665869,1000,1028.343534
9318.416616,1000,1028.674742
9317.058648,1000,1029.004513
9317.449451,1000,1029.335178
9317.49729,1000,1029.668027
9317.575483,1000,1029.998003
9317.463138,1000,1030.328293
9317.443499,1000,1030.65869
9317.479757,1000,1030.989197
9317.44058,1000,1031.32009
9317.987883,1000,1034.316922
9317.778788,1000,1034.648607
9317.952801,1000,1034.979684
9317.986241,1000,1035.310758
9317.738204,1000,1035.641761
9317.870622,1000,1035.971925
9317.869073,1000,1036.303007
9317.957533,1000,1036.633499
9317.760546,1000,1036.964307
9317.862035,1000,1037.295129
9318.622821,1000,1041.978856
9317.540029,1000,1042.309638
9316.555945,1000,1042.640115
9316.425468,1000,1042.96988
9318.830745,1000,1043.299528
9318.608164,1000,1043.629562
9318.009388,1000,1043.959656
9351.558924,1000,1044.290262
9351.228623,1000,1044.620381
9351.749554,1000,1044.951039
9351.327058,1000,1046.9898
9351.495965,1000,1047.31738
9350.987629,1000,1047.644522
9351.164888,1000,1047.971548
9317.476279,1000,1048.301597
9351.247063,1000,1048.629029
9317.409264,1000,1048.95861
9351.345507,1000,1049.286144
9317.388995,1000,1049.616491
9317.347194,1000,1049.94619
9319.710035,1000,1054.932239
9319.645116,1000,1055.263366
9319.605483,1000,1055.59428
9320.929887,1000,1055.925088
9321.096796,1000,1056.255598
9319.572744,1000,1056.585612
9321.168891,1000,1056.915271
9319.644458,1000,1057.245101
9319.675379,1000,1057.574709
9319.542386,1000,1057.904811
9350.433336,1000,1061.638506
9351.47557,1000,1061.966688
9321.821847,1000,1062.296854
9317.314777,1000,1062.626903
9351.1789,1000,1062.95422
9317.388831,1000,1063.285117
9351.482237,1000,1063.613101
9351.357388,1000,1063.941586
9351.725631,1000,1064.270565
9321.56862,1000,1064.602286
9318.845459,1000,1068.683783
9318.847555,1000,1069.015589
9319.015055,1000,1069.347579
9318.665633,1000,1069.679233
9318.096869,1000,1070.011205
9310.610503,1000,1070.34261
9318.619646,1000,1070.673933
9319.070794,1000,1071.005227
9318.605573,1000,1071.336119
9318.787427,1000,1071.666871
258.160472,28,1075.498459
9351.177187,1000,1075.826479
9351.206727,1000,1076.154156
9351.296815,1000,1076.481532
9351.458799,1000,1076.809059
9351.259618,1000,1077.136045
9350.974772,1000,1077.46315
9351.283397,1000,1077.790594
9350.923394,1000,1078.117523
294.978261,32,1078.128379
9352.125634,1000,1081.938837
9351.635283,1000,1082.267122
9351.904194,1000,1082.595519
9351.738259,1000,1082.923943
9352.274833,1000,1083.252411
9352.081049,1000,1083.580148
9352.11058,1000,1083.908736
9352.03836,1000,1084.236868
9351.68655,1000,1084.56562
9352.165285,1000,1084.893957
9351.957453,1000,1088.630664
9352.106189,1000,1088.958277
9351.820764,1000,1089.285893
9351.495688,1000,1089.613071
9351.749783,1000,1089.942251
9351.599019,1000,1090.269734
9351.969174,1000,1090.597487
9351.479159,1000,1090.925389
9351.594139,1000,1091.25305
9352.032126,1000,1091.580777
9351.843228,1000,1094.751752
9352.022112,1000,1095.080868
9351.836715,1000,1095.409407
9352.172378,1000,1095.737812
9351.879001,1000,1096.066452
9352.057188,1000,1096.395976
9352.193224,1000,1096.725609
9351.78051,1000,1097.055025
9352.14317,1000,1097.384562
9352.035472,1000,1097.713527
9316.400578,1000,1101.455076
9316.344232,1000,1101.787167
9316.42176,1000,1102.118788
9316.342753,1000,1102.450664
9316.328357,1000,1102.782499
9316.317024,1000,1103.11443
9316.425703,1000,1103.4462
9316.469835,1000,1103.777984
9316.4986,1000,1104.11059
9316.553435,1000,1104.44309
9321.240094,1000,1106.784682
9352.313892,1000,1107.113571
9331.729115,1000,1107.444434
9317.457443,1000,1107.776156
9351.968817,1000,1108.105078
9352.111651,1000,1108.433607
9351.976074,1000,1108.762098
9352.246295,1000,1109.090673
9352.214204,1000,1109.419245
9352.018026,1000,1109.74822
9352.375591,1000,1115.550318
9352.428175,1000,1115.87938
9352.491812,1000,1116.208106
9351.938854,1000,1116.537003
9352.369401,1000,1116.866235
9352.60811,1000,1117.195313
9352.165978,1000,1117.523802
9352.546046,1000,1117.851697
9352.427016,1000,1118.17955
9352.406442,1000,1118.507641
9352.281643,1000,1122.248081
9352.104283,1000,1122.576555
9352.686665,1000,1122.905082
9352.821368,1000,1123.233234
9352.679656,1000,1123.561135
9352.422112,1000,1123.889389
9352.815407,1000,1124.217812
9352.960767,1000,1124.545936
9352.670975,1000,1124.874102
9351.968786,1000,1125.202525
9351.778591,1000,1128.936964
9352.181389,1000,1129.2646
9352.013262,1000,1129.592111
9351.519309,1000,1129.919406
9351.987638,1000,1130.246182
9352.007211,1000,1130.573476
9351.948772,1000,1130.901139
9352.184102,1000,1131.228094
9351.52681,1000,1131.555192
9351.880824,1000,1131.882201
9350.138455,1000,1135.587559
9350.719165,1000,1135.915775
9350.391798,1000,1136.243838
9350.380523,1000,1136.571683
9350.46618,1000,1136.899842
9350.346199,1000,1137.227556
9350.685935,1000,1137.555262
9350.573235,1000,1137.882975
9350.309842,1000,1138.210834
9350.95065,1000,1138.539421
9351.194307,1000,1141.966563
9352.059656,1000,1142.294873
9352.190325,1000,1142.622865
9351.838411,1000,1142.951101
9352.034975,1000,1143.27933
9352.116988,1000,1143.606433
9351.879413,1000,1143.933934
9352.402398,1000,1144.261704
9313.64189,1000,1144.591893
9352.341493,1000,1144.919957
9351.759855,1000,1147.303445
9351.721019,1000,1147.631387
9351.567872,1000,1147.960082
9351.749343,1000,1148.28843
9351.734141,1000,1148.616187
9351.249749,1000,1148.943937
9351.927871,1000,1149.271496
9351.96432,1000,1149.59951
9352.008535,1000,1149.927111
9351.355954,1000,1150.257819
9320.198523,1000,1155.277362
9351.05735,1000,1155.60467
9320.436542,1000,1155.933992
9317.161468,1000,1156.263431
9320.519507,1000,1156.59338
9320.459994,1000,1156.922781
9320.303553,1000,1157.25144
9320.441802,1000,1157.581329
9317.178518,1000,1157.91095
9351.074047,1000,1158.238148
9317.361205,1000,1162.177608
9316.204173,1000,1162.50897
9317.723101,1000,1162.840101
9317.3295,1000,1163.170438
9317.395194,1000,1163.501
9317.344878,1000,1163.831109
9317.315915,1000,1164.161635
9317.509818,1000,1164.492365
9317.316073,1000,1164.822942
9350.91109,1000,1165.15086
9319.417409,1000,1168.412462
9319.107952,1000,1168.743769
9319.299781,1000,1169.07441
9319.317379,1000,1169.405204
9319.733097,1000,1169.735739
9319.336857,1000,1170.065437
9350.047744,1000,1170.393104
9351.966867,1000,1170.719876
9351.547604,1000,1171.046792
9319.235145,1000,1171.377371
9351.158825,1000,1175.901137
9351.229758,1000,1176.229192
9351.073457,1000,1176.55662
9351.153057,1000,1176.883883
9351.176599,1000,1177.21125
9350.936897,1000,1177.53812
9351.235576,1000,1177.865078
9351.390591,1000,1178.192196
9351.224621,1000,1178.519329
9351.35821,1000,1178.846022
9351.493176,1000,1181.8785
9351.552915,1000,1182.206453
9351.274575,1000,1182.532457
9351.842119,1000,1182.859701
9351.656573,1000,1183.184926
9351.459034,1000,1183.51267
9350.866814,1000,1183.840511
9350.894888,1000,1184.168616
9351.377644,1000,1184.496797
9351.398754,1000,1184.825135
9351.426016,1000,1188.11432
220.86608,24,1188.122534
9351.423945,1000,1188.450034
9351.08575,1000,1188.777608
9351.182971,1000,1189.105048
9351.521731,1000,1189.431737
9351.274085,1000,1189.758465
9351.539974,1000,1190.085418
9351.349756,1000,1190.412729
9351.629523,1000,1190.739949
9351.492806,1000,1193.280469
9351.211829,1000,1193.608039
9350.707217,1000,1193.935544
9351.321714,1000,1194.263368
9351.531769,1000,1194.590901
9351.279363,1000,1194.917776
9351.781352,1000,1195.244667
9350.159624,1000,1195.571758
9351.473403,1000,1195.89911
9351.767046,1000,1196.226929
