#{"t_start": 1663264075.6177793, "env_id": "InvertedPendulum-v2"}
r,l,t
8.0,8,0.217546
8.0,8,0.219895
7.0,7,0.221992
8.0,8,0.224348
7.0,7,0.226421
8.0,8,0.228717
8.0,8,0.231
7.0,7,0.233016
8.0,8,0.235375
7.0,7,0.237392
8.0,8,0.45056
8.0,8,0.452868
7.0,7,0.454877
7.0,7,0.456906
7.0,7,0.458946
7.0,7,0.460961
7.0,7,0.462964
7.0,7,0.464964
7.0,7,0.467006
7.0,7,0.469044
7.0,7,0.673464
7.0,7,0.675496
8.0,8,0.677778
8.0,8,0.68005
7.0,7,0.682053
8.0,8,0.684332
7.0,7,0.686333
7.0,7,0.688329
7.0,7,0.690333
7.0,7,0.69234
7.0,7,0.898955
8.0,8,0.901266
7.0,7,0.903289
7.0,7,0.905301
7.0,7,0.907315
7.0,7,0.909329
8.0,8,0.911597
8.0,8,0.913867
8.0,8,0.916144
7.0,7,0.918141
8.0,8,1.120551
8.0,8,1.122837
7.0,7,1.124851
8.0,8,1.12712
7.0,7,1.129133
7.0,7,1.131134
7.0,7,1.133136
7.0,7,1.13513
7.0,7,1.137132
8.0,8,1.139446
8.0,8,1.3489
7.0,7,1.350928
7.0,7,1.352938
8.0,8,1.355208
7.0,7,1.357213
8.0,8,1.359496
8.0,8,1.361763
8.0,8,1.364021
8.0,8,1.369756
7.0,7,1.371799
8.0,8,1.578564
8.0,8,1.580862
7.0,7,1.582878
7.0,7,1.584892
7.0,7,1.586909
7.0,7,1.588937
7.0,7,1.590957
7.0,7,1.592971
7.0,7,1.594995
7.0,7,1.597011
8.0,8,1.803325
8.0,8,1.805637
7.0,7,1.807656
8.0,8,1.809929
8.0,8,1.812225
8.0,8,1.81451
7.0,7,1.816539
8.0,8,1.818817
8.0,8,1.821109
7.0,7,1.823129
8.0,8,2.03492
7.0,7,2.036969
8.0,8,2.039275
7.0,7,2.041306
8.0,8,2.043623
8.0,8,2.045909
8.0,8,2.048186
7.0,7,2.050194
8.0,8,2.052492
7.0,7,2.054516
8.0,8,2.260987
7.0,7,2.263055
7.0,7,2.265094
8.0,8,2.2674
7.0,7,2.26943
8.0,8,2.271739
8.0,8,2.274027
8.0,8,2.276322
8.0,8,2.278651
7.0,7,2.28069
9.0,9,5.650813
9.0,9,5.653486
9.0,9,5.656112
9.0,9,5.658796
9.0,9,5.661432
9.0,9,5.664036
9.0,9,5.666668
9.0,9,5.669276
9.0,9,5.671865
9.0,9,5.674456
53.0,53,8.822926
55.0,55,8.83785
52.0,52,8.851901
59.0,59,8.86777
55.0,55,8.882578
51.0,51,8.896278
58.0,58,8.911837
60.0,60,8.927886
59.0,59,8.943708
56.0,56,8.95879
52.0,52,12.242421
53.0,53,12.256921
55.0,55,12.27193
59.0,59,12.287969
55.0,55,12.302978
57.0,57,12.318526
56.0,56,12.333795
57.0,57,12.349295
55.0,55,12.364213
58.0,58,12.379938
58.0,58,15.519598
56.0,56,15.534883
58.0,58,15.550638
57.0,57,15.566082
56.0,56,15.581269
55.0,55,15.596155
59.0,59,15.612111
54.0,54,15.626705
56.0,56,15.641843
56.0,56,15.657055
50.0,50,18.896621
52.0,52,18.910854
54.0,54,18.92557
50.0,50,18.939238
52.0,52,18.953441
52.0,52,18.967623
50.0,50,18.981171
51.0,51,18.994996
53.0,53,19.009372
54.0,54,19.024032
47.0,47,22.270235
46.0,46,22.282802
46.0,46,22.29534
47.0,47,22.308095
48.0,48,22.321181
47.0,47,22.333951
45.0,45,22.346158
47.0,47,22.358905
47.0,47,22.371672
45.0,45,22.383874
53.0,53,25.556223
53.0,53,25.570734
50.0,50,25.584343
52.0,52,25.598486
49.0,49,25.611811
48.0,48,25.62482
55.0,55,25.639685
55.0,55,25.654552
55.0,55,25.669381
51.0,51,25.6832
45.0,45,28.95014
46.0,46,28.962738
46.0,46,28.975306
47.0,47,28.98815
50.0,50,29.001775
47.0,47,29.014568
49.0,49,29.027886
46.0,46,29.040392
45.0,45,29.052651
46.0,46,29.065194
45.0,45,32.309506
51.0,51,32.323462
48.0,48,32.336565
49.0,49,32.349928
49.0,49,32.363262
48.0,48,32.376331
48.0,48,32.38941
48.0,48,32.402464
49.0,49,32.415784
46.0,46,32.428348
84.0,84,35.574083
131.0,131,35.609349
86.0,86,35.632519
88.0,88,35.656247
72.0,72,35.675773
56.0,56,35.690964
93.0,93,35.715972
80.0,80,35.737548
87.0,87,35.760941
87.0,87,35.784458
38.0,38,39.005527
34.0,34,39.014897
37.0,37,39.025033
37.0,37,39.035153
40.0,40,39.046044
37.0,37,39.056112
34.0,34,39.065402
38.0,38,39.075739
36.0,36,39.085567
35.0,35,39.095085
48.0,48,42.385108
46.0,46,42.397665
46.0,46,42.410188
45.0,45,42.422427
47.0,47,42.435164
47.0,47,42.44795
46.0,46,42.460454
48.0,48,42.473503
47.0,47,42.486298
47.0,47,42.499021
41.0,41,45.684141
41.0,41,45.695345
41.0,41,45.706505
41.0,41,45.71768
42.0,42,45.72912
42.0,42,45.740546
42.0,42,45.751976
42.0,42,45.763411
41.0,41,45.774588
41.0,41,45.785735
38.0,38,49.006811
39.0,39,49.017469
38.0,38,49.027805
38.0,38,49.038099
39.0,39,49.048697
38.0,38,49.058976
38.0,38,49.06927
38.0,38,49.079566
38.0,38,49.089832
39.0,39,49.100377
39.0,39,52.326876
39.0,39,52.337591
39.0,39,52.348259
39.0,39,52.358955
39.0,39,52.369564
39.0,39,52.380144
39.0,39,52.390769
39.0,39,52.401359
39.0,39,52.411981
39.0,39,52.422579
40.0,40,55.603168
40.0,40,55.614196
41.0,41,55.625607
39.0,39,55.636257
40.0,40,55.647215
40.0,40,55.658145
39.0,39,55.668788
40.0,40,55.679669
39.0,39,55.690285
40.0,40,55.70121
41.0,41,58.938199
41.0,41,58.94941
41.0,41,58.960585
41.0,41,58.971707
40.0,40,58.982533
41.0,41,58.99369
41.0,41,59.00483
41.0,41,59.015973
40.0,40,59.026843
40.0,40,59.037711
42.0,42,62.213229
42.0,42,62.224692
43.0,43,62.236367
43.0,43,62.248039
42.0,42,62.259417
43.0,43,62.271036
42.0,42,62.282417
43.0,43,62.294078
43.0,43,62.305713
44.0,44,62.317631
49.0,49,65.541514
47.0,47,65.554365
48.0,48,65.567474
47.0,47,65.580264
47.0,47,65.593035
47.0,47,65.605705
48.0,48,65.618653
49.0,49,65.631949
47.0,47,65.644644
49.0,49,65.657903
53.0,53,68.892955
53.0,53,68.907268
54.0,54,68.921844
53.0,53,68.936144
53.0,53,68.950426
55.0,55,68.965239
54.0,54,68.979745
53.0,53,68.993999
54.0,54,69.008524
53.0,53,69.022814
61.0,61,72.139706
62.0,62,72.156558
59.0,59,72.172538
62.0,62,72.189268
63.0,63,72.206262
58.0,58,72.221941
58.0,58,72.237561
59.0,59,72.253456
64.0,64,72.270685
62.0,62,72.287353
80.0,80,75.527884
80.0,80,75.549444
76.0,76,75.569849
73.0,73,75.589498
75.0,75,75.609643
75.0,75,75.629825
81.0,81,75.651585
80.0,80,75.673086
72.0,72,75.69242
80.0,80,75.713934
121.0,121,78.576814
114.0,114,78.60755
108.0,108,78.636683
107.0,107,78.665467
110.0,110,78.695127
130.0,130,78.730089
114.0,114,78.760803
107.0,107,78.789618
97.0,97,78.81571
107.0,107,78.844502
1000.0,1000,81.176341
1000.0,1000,81.442242
186.0,186,81.491925
1000.0,1000,81.758993
198.0,198,81.812032
192.0,192,81.863706
1000.0,1000,82.13161
211.0,211,82.188093
1000.0,1000,82.453666
1000.0,1000,82.719695
1000.0,1000,86.171112
1000.0,1000,86.436703
1000.0,1000,86.701943
1000.0,1000,86.966607
1000.0,1000,87.231635
1000.0,1000,87.497453
1000.0,1000,87.765031
1000.0,1000,88.03224
1000.0,1000,88.297276
1000.0,1000,88.56093
1000.0,1000,92.012431
1000.0,1000,92.278626
1000.0,1000,92.549352
1000.0,1000,92.81576
1000.0,1000,93.081939
1000.0,1000,93.346993
1000.0,1000,93.612555
1000.0,1000,93.87817
1000.0,1000,94.143524
1000.0,1000,94.412703
1000.0,1000,97.8604
1000.0,1000,98.128074
1000.0,1000,98.394815
1000.0,1000,98.661621
1000.0,1000,98.927747
1000.0,1000,99.193339
1000.0,1000,99.459278
1000.0,1000,99.725257
1000.0,1000,99.991331
1000.0,1000,100.258157
1000.0,1000,103.704046
1000.0,1000,103.968928
1000.0,1000,104.234374
1000.0,1000,104.50019
1000.0,1000,104.764943
1000.0,1000,105.025385
1000.0,1000,105.286225
1000.0,1000,105.548516
1000.0,1000,105.808922
1000.0,1000,106.070511
1000.0,1000,109.509427
1000.0,1000,109.773986
1000.0,1000,110.038296
1000.0,1000,110.302167
1000.0,1000,110.566055
1000.0,1000,110.831321
1000.0,1000,111.096678
1000.0,1000,111.36159
1000.0,1000,111.626274
1000.0,1000,111.890753
1000.0,1000,115.329349
1000.0,1000,115.594095
1000.0,1000,115.858607
1000.0,1000,116.12316
1000.0,1000,116.387725
1000.0,1000,116.653383
1000.0,1000,116.918875
1000.0,1000,117.184454
1000.0,1000,117.450235
1000.0,1000,117.714859
1000.0,1000,121.157176
1000.0,1000,121.423602
1000.0,1000,121.690007
1000.0,1000,121.956748
1000.0,1000,122.222887
1000.0,1000,122.4884
1000.0,1000,122.753453
1000.0,1000,123.01931
1000.0,1000,123.285303
1000.0,1000,123.552328
1000.0,1000,126.992421
1000.0,1000,127.257169
1000.0,1000,127.522163
1000.0,1000,127.786369
1000.0,1000,128.051071
1000.0,1000,128.315149
1000.0,1000,128.577942
1000.0,1000,128.841985
1000.0,1000,129.104951
1000.0,1000,129.366781
1000.0,1000,132.809635
1000.0,1000,133.074684
1000.0,1000,133.339623
1000.0,1000,133.604084
1000.0,1000,133.86885
1000.0,1000,134.133534
1000.0,1000,134.398066
1000.0,1000,134.662706
1000.0,1000,134.927722
1000.0,1000,135.193436
1000.0,1000,138.630942
1000.0,1000,138.895063
1000.0,1000,139.159639
1000.0,1000,139.42405
1000.0,1000,139.688187
1000.0,1000,139.952655
1000.0,1000,140.217341
1000.0,1000,140.48193
1000.0,1000,140.745908
1000.0,1000,141.010039
1000.0,1000,144.448132
1000.0,1000,144.713661
1000.0,1000,144.978612
1000.0,1000,145.243701
1000.0,1000,145.508621
1000.0,1000,145.77337
1000.0,1000,146.038312
1000.0,1000,146.303021
1000.0,1000,146.567571
1000.0,1000,146.831488
1000.0,1000,150.268929
1000.0,1000,150.533061
1000.0,1000,150.796872
1000.0,1000,151.061104
1000.0,1000,151.325076
1000.0,1000,151.588793
1000.0,1000,151.853115
1000.0,1000,152.11717
1000.0,1000,152.381419
1000.0,1000,152.645483
1000.0,1000,156.084696
1000.0,1000,156.349692
1000.0,1000,156.615063
1000.0,1000,156.879997
1000.0,1000,157.145721
1000.0,1000,157.412422
1000.0,1000,157.679205
1000.0,1000,157.946191
1000.0,1000,158.213142
1000.0,1000,158.477931
1000.0,1000,161.918446
1000.0,1000,162.184052
1000.0,1000,162.449169
1000.0,1000,162.714937
1000.0,1000,162.980175
1000.0,1000,163.244636
1000.0,1000,163.509053
1000.0,1000,163.773901
1000.0,1000,164.038818
1000.0,1000,164.304419
1000.0,1000,167.743309
1000.0,1000,168.009171
1000.0,1000,168.274523
1000.0,1000,168.539308
1000.0,1000,168.804259
1000.0,1000,169.069393
1000.0,1000,169.334487
1000.0,1000,169.599653
1000.0,1000,169.864595
1000.0,1000,170.129641
1000.0,1000,173.572885
1000.0,1000,173.837991
1000.0,1000,174.102641
1000.0,1000,174.367225
1000.0,1000,174.631659
1000.0,1000,174.895861
1000.0,1000,175.160185
1000.0,1000,175.424158
1000.0,1000,175.688547
1000.0,1000,175.953254
1000.0,1000,180.836234
1000.0,1000,181.101865
1000.0,1000,181.366887
1000.0,1000,181.632401
1000.0,1000,181.897276
1000.0,1000,182.160524
1000.0,1000,182.423958
1000.0,1000,182.686752
1000.0,1000,182.949908
1000.0,1000,183.212789
1000.0,1000,186.650117
1000.0,1000,186.913134
1000.0,1000,187.176798
1000.0,1000,187.440304
1000.0,1000,187.703732
1000.0,1000,187.966877
1000.0,1000,188.22993
1000.0,1000,188.493045
1000.0,1000,188.756269
1000.0,1000,189.019877
1000.0,1000,192.460339
1000.0,1000,192.724927
1000.0,1000,192.989524
1000.0,1000,193.253985
1000.0,1000,193.518751
1000.0,1000,193.78313
1000.0,1000,194.047489
1000.0,1000,194.312396
1000.0,1000,194.576533
1000.0,1000,194.841009
1000.0,1000,198.283888
1000.0,1000,198.549972
1000.0,1000,198.815626
1000.0,1000,199.081003
1000.0,1000,199.34691
1000.0,1000,199.612612
1000.0,1000,199.878211
1000.0,1000,200.143323
1000.0,1000,200.408824
1000.0,1000,200.674298
1000.0,1000,204.119047
1000.0,1000,204.385638
1000.0,1000,204.651465
1000.0,1000,204.917572
1000.0,1000,205.183877
1000.0,1000,205.450205
1000.0,1000,205.715986
1000.0,1000,205.981802
1000.0,1000,206.247651
1000.0,1000,206.513547
1000.0,1000,209.958251
1000.0,1000,210.224574
1000.0,1000,210.490297
1000.0,1000,210.75669
1000.0,1000,211.02273
1000.0,1000,211.288798
1000.0,1000,211.55444
1000.0,1000,211.820546
1000.0,1000,212.086228
1000.0,1000,212.352085
1000.0,1000,215.797727
1000.0,1000,216.063257
1000.0,1000,216.329136
1000.0,1000,216.595541
1000.0,1000,216.861489
1000.0,1000,217.127717
1000.0,1000,217.394007
1000.0,1000,217.660052
1000.0,1000,217.926323
1000.0,1000,218.192652
1000.0,1000,221.63568
1000.0,1000,221.901942
1000.0,1000,222.167392
1000.0,1000,222.43245
1000.0,1000,222.697721
1000.0,1000,222.963109
1000.0,1000,223.228838
1000.0,1000,223.494419
1000.0,1000,223.759522
1000.0,1000,224.024926
1000.0,1000,227.464793
1000.0,1000,227.730545
1000.0,1000,227.996544
1000.0,1000,228.262494
1000.0,1000,228.527869
1000.0,1000,228.792934
1000.0,1000,229.058791
1000.0,1000,229.3247
1000.0,1000,229.590432
1000.0,1000,229.856178
1000.0,1000,233.299329
1000.0,1000,233.562197
1000.0,1000,233.825594
1000.0,1000,234.087353
1000.0,1000,234.3488
1000.0,1000,234.61093
1000.0,1000,234.8751
1000.0,1000,235.1373
1000.0,1000,235.40112
1000.0,1000,235.662601
1000.0,1000,239.102255
1000.0,1000,239.368335
1000.0,1000,239.63408
1000.0,1000,239.899848
1000.0,1000,240.165694
1000.0,1000,240.431983
1000.0,1000,240.69874
1000.0,1000,240.965073
1000.0,1000,241.231361
1000.0,1000,241.497875
1000.0,1000,244.941139
1000.0,1000,245.204114
1000.0,1000,245.470333
1000.0,1000,245.730956
1000.0,1000,245.994002
1000.0,1000,246.256412
1000.0,1000,246.518603
1000.0,1000,246.781751
1000.0,1000,247.046916
1000.0,1000,247.309424
1000.0,1000,250.747353
1000.0,1000,251.012397
1000.0,1000,251.277559
1000.0,1000,251.543544
1000.0,1000,251.809198
1000.0,1000,252.075327
1000.0,1000,252.341369
1000.0,1000,252.607259
1000.0,1000,252.873237
1000.0,1000,253.139326
1000.0,1000,256.582943
1000.0,1000,256.847703
1000.0,1000,257.112386
1000.0,1000,257.377438
1000.0,1000,257.642789
1000.0,1000,257.907837
1000.0,1000,258.172989
1000.0,1000,258.438008
1000.0,1000,258.702963
1000.0,1000,258.968034
1000.0,1000,262.411957
1000.0,1000,262.677106
1000.0,1000,262.941903
1000.0,1000,263.207019
1000.0,1000,263.470696
1000.0,1000,263.733336
1000.0,1000,263.997943
1000.0,1000,264.262993
1000.0,1000,264.528545
1000.0,1000,264.793625
1000.0,1000,268.236196
1000.0,1000,268.501212
1000.0,1000,268.765908
1000.0,1000,269.028678
1000.0,1000,269.29389
1000.0,1000,269.559365
1000.0,1000,269.825242
1000.0,1000,270.090455
1000.0,1000,270.355832
1000.0,1000,270.621526
1000.0,1000,274.064765
1000.0,1000,274.329899
1000.0,1000,274.595501
1000.0,1000,274.86107
1000.0,1000,275.127306
1000.0,1000,275.393091
1000.0,1000,275.660999
1000.0,1000,275.926918
1000.0,1000,276.192885
1000.0,1000,276.45809
1000.0,1000,279.90057
1000.0,1000,280.16438
1000.0,1000,280.427333
1000.0,1000,280.69135
1000.0,1000,280.954022
1000.0,1000,281.217132
1000.0,1000,281.479786
1000.0,1000,281.742694
1000.0,1000,282.005649
1000.0,1000,282.268378
1000.0,1000,285.714001
1000.0,1000,285.979181
1000.0,1000,286.243693
1000.0,1000,286.50896
1000.0,1000,286.773914
1000.0,1000,287.039087
1000.0,1000,287.303769
1000.0,1000,287.56836
1000.0,1000,287.833189
1000.0,1000,288.097824
1000.0,1000,291.548791
1000.0,1000,291.813864
1000.0,1000,292.078753
1000.0,1000,292.343628
1000.0,1000,292.608886
1000.0,1000,292.874508
1000.0,1000,293.139786
1000.0,1000,293.404889
1000.0,1000,293.670457
1000.0,1000,293.935943
1000.0,1000,297.386651
1000.0,1000,297.652388
1000.0,1000,297.918143
1000.0,1000,298.184165
1000.0,1000,298.447647
1000.0,1000,298.713733
1000.0,1000,298.980019
1000.0,1000,299.246318
1000.0,1000,299.512933
1000.0,1000,299.778849
1000.0,1000,303.228792
1000.0,1000,303.49294
1000.0,1000,303.757234
1000.0,1000,304.021598
1000.0,1000,304.285963
1000.0,1000,304.551133
1000.0,1000,304.816489
1000.0,1000,305.081623
1000.0,1000,305.347013
1000.0,1000,305.611603
1000.0,1000,309.068814
1000.0,1000,309.335347
1000.0,1000,309.60219
1000.0,1000,309.86933
1000.0,1000,310.136054
1000.0,1000,310.401977
1000.0,1000,310.668127
1000.0,1000,310.934189
1000.0,1000,311.200483
1000.0,1000,311.467469
1000.0,1000,314.925363
1000.0,1000,315.191366
1000.0,1000,315.455153
1000.0,1000,315.718882
1000.0,1000,315.98386
1000.0,1000,316.248739
1000.0,1000,316.512506
1000.0,1000,316.77755
1000.0,1000,317.043338
1000.0,1000,317.309032
1000.0,1000,320.775243
1000.0,1000,321.041177
1000.0,1000,321.307117
1000.0,1000,321.572536
1000.0,1000,321.837677
1000.0,1000,322.104144
1000.0,1000,322.369905
1000.0,1000,322.635955
1000.0,1000,322.901547
1000.0,1000,323.167175
1000.0,1000,326.635893
1000.0,1000,326.900492
1000.0,1000,327.165631
1000.0,1000,327.430821
1000.0,1000,327.695849
1000.0,1000,327.961786
1000.0,1000,328.2277
1000.0,1000,328.493109
1000.0,1000,328.7584
1000.0,1000,329.023427
1000.0,1000,332.489318
1000.0,1000,332.755819
1000.0,1000,333.021904
1000.0,1000,333.287886
1000.0,1000,333.553926
1000.0,1000,333.82003
1000.0,1000,334.086695
1000.0,1000,334.35295
1000.0,1000,334.619189
1000.0,1000,334.885348
1000.0,1000,338.362301
1000.0,1000,338.62774
1000.0,1000,338.891884
1000.0,1000,339.154511
1000.0,1000,339.419727
1000.0,1000,339.68366
1000.0,1000,339.946622
1000.0,1000,340.210847
1000.0,1000,340.476346
1000.0,1000,340.739376
1000.0,1000,344.211603
1000.0,1000,344.477318
1000.0,1000,344.743798
1000.0,1000,345.009851
1000.0,1000,345.275954
1000.0,1000,345.542848
1000.0,1000,345.8104
1000.0,1000,346.077945
1000.0,1000,346.34529
1000.0,1000,346.611728
1000.0,1000,350.093242
1000.0,1000,350.358978
1000.0,1000,350.624887
1000.0,1000,350.890724
1000.0,1000,351.156503
1000.0,1000,351.421421
1000.0,1000,351.686629
1000.0,1000,351.952277
1000.0,1000,352.217701
1000.0,1000,352.484207
1000.0,1000,355.971196
1000.0,1000,356.238443
1000.0,1000,356.505478
1000.0,1000,356.772075
1000.0,1000,357.038697
1000.0,1000,357.305514
1000.0,1000,357.572466
1000.0,1000,357.83861
1000.0,1000,358.105256
1000.0,1000,358.371684
1000.0,1000,361.859145
1000.0,1000,362.124901
1000.0,1000,362.390584
1000.0,1000,362.656226
1000.0,1000,362.922207
1000.0,1000,363.188222
1000.0,1000,363.45435
1000.0,1000,363.720321
1000.0,1000,363.986336
1000.0,1000,364.252536
1000.0,1000,367.746733
1000.0,1000,368.011901
1000.0,1000,368.275818
1000.0,1000,368.538119
1000.0,1000,368.800915
1000.0,1000,369.063864
1000.0,1000,369.326671
1000.0,1000,369.589616
1000.0,1000,369.851986
1000.0,1000,370.113993
1000.0,1000,373.612566
1000.0,1000,373.877611
1000.0,1000,374.142552
1000.0,1000,374.407995
1000.0,1000,374.673319
1000.0,1000,374.938732
1000.0,1000,375.20356
1000.0,1000,375.468732
1000.0,1000,375.733562
1000.0,1000,375.998987
1000.0,1000,379.509073
1000.0,1000,379.775446
1000.0,1000,380.041129
1000.0,1000,380.306539
1000.0,1000,380.572052
1000.0,1000,380.837735
1000.0,1000,381.102826
1000.0,1000,381.368644
1000.0,1000,381.634512
1000.0,1000,381.900199
1000.0,1000,385.419284
1000.0,1000,385.68273
1000.0,1000,385.945597
1000.0,1000,386.209795
1000.0,1000,386.472978
1000.0,1000,386.737472
1000.0,1000,387.002278
1000.0,1000,387.265192
1000.0,1000,387.528507
1000.0,1000,387.791505
1000.0,1000,391.312465
1000.0,1000,391.574569
1000.0,1000,391.837949
1000.0,1000,392.10046
1000.0,1000,392.363336
1000.0,1000,392.62582
1000.0,1000,392.88895
1000.0,1000,393.15219
1000.0,1000,393.414858
1000.0,1000,393.677837
1000.0,1000,397.200701
1000.0,1000,397.464487
1000.0,1000,397.729665
1000.0,1000,397.991905
1000.0,1000,398.254254
1000.0,1000,398.516825
1000.0,1000,398.782416
1000.0,1000,399.043417
1000.0,1000,399.305617
1000.0,1000,399.569723
1000.0,1000,403.099205
1000.0,1000,403.365197
1000.0,1000,403.631152
1000.0,1000,403.896527
1000.0,1000,404.16287
1000.0,1000,404.428386
1000.0,1000,404.693889
1000.0,1000,404.959138
1000.0,1000,405.22527
1000.0,1000,405.490943
1000.0,1000,409.028223
1000.0,1000,409.292813
1000.0,1000,409.554109
1000.0,1000,409.814771
1000.0,1000,410.077883
1000.0,1000,410.342366
1000.0,1000,410.603422
1000.0,1000,410.864036
1000.0,1000,411.126904
1000.0,1000,411.391297
1000.0,1000,414.909008
1000.0,1000,415.174903
1000.0,1000,415.441223
1000.0,1000,415.70758
1000.0,1000,415.973472
1000.0,1000,416.239133
1000.0,1000,416.505433
1000.0,1000,416.770954
1000.0,1000,417.036963
1000.0,1000,417.303346
1000.0,1000,420.843981
1000.0,1000,421.10649
1000.0,1000,421.370071
1000.0,1000,421.631713
1000.0,1000,421.894261
1000.0,1000,422.158761
1000.0,1000,422.422874
1000.0,1000,422.685769
1000.0,1000,422.95043
1000.0,1000,423.214405
1000.0,1000,426.761598
1000.0,1000,427.027685
1000.0,1000,427.294467
1000.0,1000,427.560405
1000.0,1000,427.824951
1000.0,1000,428.09054
1000.0,1000,428.356022
1000.0,1000,428.621574
1000.0,1000,428.887265
1000.0,1000,429.153431
1000.0,1000,432.698201
1000.0,1000,432.959759
1000.0,1000,433.221439
1000.0,1000,433.482615
1000.0,1000,433.743689
1000.0,1000,434.005001
1000.0,1000,434.266857
1000.0,1000,434.527957
1000.0,1000,434.789553
1000.0,1000,435.051236
1000.0,1000,438.598353
1000.0,1000,438.86281
1000.0,1000,439.127339
1000.0,1000,439.392239
1000.0,1000,439.657166
1000.0,1000,439.92254
1000.0,1000,440.188074
1000.0,1000,440.454041
1000.0,1000,440.720008
1000.0,1000,440.984377
1000.0,1000,444.541312
1000.0,1000,444.807283
1000.0,1000,445.072643
1000.0,1000,445.337707
1000.0,1000,445.60286
1000.0,1000,445.866561
1000.0,1000,446.132085
1000.0,1000,446.39659
1000.0,1000,446.660849
1000.0,1000,446.925912
1000.0,1000,450.485084
1000.0,1000,450.750344
1000.0,1000,451.016129
1000.0,1000,451.281653
1000.0,1000,451.546823
1000.0,1000,451.811379
1000.0,1000,452.075809
1000.0,1000,452.340417
1000.0,1000,452.604669
1000.0,1000,452.869922
1000.0,1000,456.431821
1000.0,1000,456.696628
1000.0,1000,456.963838
1000.0,1000,457.228737
1000.0,1000,457.493155
1000.0,1000,457.757886
1000.0,1000,458.022569
1000.0,1000,458.286139
1000.0,1000,458.549839
1000.0,1000,458.813451
1000.0,1000,462.37735
1000.0,1000,462.639284
1000.0,1000,462.902006
1000.0,1000,463.165459
1000.0,1000,463.428415
1000.0,1000,463.691565
1000.0,1000,463.954342
1000.0,1000,464.217075
1000.0,1000,464.479556
1000.0,1000,464.741772
1000.0,1000,468.305974
1000.0,1000,468.571414
1000.0,1000,468.836777
1000.0,1000,469.101999
1000.0,1000,469.367229
1000.0,1000,469.632838
1000.0,1000,469.898594
1000.0,1000,470.165025
1000.0,1000,470.431524
1000.0,1000,470.697591
1000.0,1000,474.261835
1000.0,1000,474.530992
1000.0,1000,474.797102
1000.0,1000,475.063094
1000.0,1000,475.329044
1000.0,1000,475.595332
1000.0,1000,475.861635
1000.0,1000,476.128298
1000.0,1000,476.394715
1000.0,1000,476.661318
1000.0,1000,480.226892
1000.0,1000,480.492799
1000.0,1000,480.758851
1000.0,1000,481.024814
1000.0,1000,481.291156
1000.0,1000,481.557311
1000.0,1000,481.823644
1000.0,1000,482.089847
1000.0,1000,482.355989
1000.0,1000,482.621979
1000.0,1000,486.189747
1000.0,1000,486.454362
1000.0,1000,486.719221
1000.0,1000,486.983685
1000.0,1000,487.251239
1000.0,1000,487.515784
1000.0,1000,487.780191
1000.0,1000,488.044878
1000.0,1000,488.309587
1000.0,1000,488.573781
1000.0,1000,492.140993
1000.0,1000,492.405507
1000.0,1000,492.66882
1000.0,1000,492.929554
1000.0,1000,493.192168
1000.0,1000,493.454241
1000.0,1000,493.717495
1000.0,1000,493.9817
1000.0,1000,494.243621
1000.0,1000,494.505396
1000.0,1000,498.068954
1000.0,1000,498.33217
1000.0,1000,498.595666
1000.0,1000,498.85846
1000.0,1000,499.120951
1000.0,1000,499.383319
1000.0,1000,499.64586
1000.0,1000,499.907812
1000.0,1000,500.169902
1000.0,1000,500.432649
1000.0,1000,503.998308
1000.0,1000,504.263159
1000.0,1000,504.52855
1000.0,1000,504.793491
1000.0,1000,505.058785
1000.0,1000,505.325107
1000.0,1000,505.591452
1000.0,1000,505.85811
1000.0,1000,506.124696
1000.0,1000,506.39056
1000.0,1000,509.965229
1000.0,1000,510.232755
1000.0,1000,510.499846
1000.0,1000,510.766863
1000.0,1000,511.033914
1000.0,1000,511.301082
1000.0,1000,511.568104
1000.0,1000,511.83526
1000.0,1000,512.102134
1000.0,1000,512.368934
1000.0,1000,515.941319
1000.0,1000,516.207907
1000.0,1000,516.473766
1000.0,1000,516.739643
1000.0,1000,517.005461
1000.0,1000,517.273717
1000.0,1000,517.53939
1000.0,1000,517.805668
1000.0,1000,518.071669
1000.0,1000,518.337744
1000.0,1000,521.915149
1000.0,1000,522.182399
1000.0,1000,522.449613
1000.0,1000,522.717281
1000.0,1000,522.984688
1000.0,1000,523.252204
1000.0,1000,523.520403
1000.0,1000,523.788168
1000.0,1000,524.055349
1000.0,1000,524.322471
1000.0,1000,527.891217
1000.0,1000,528.156047
1000.0,1000,528.421494
1000.0,1000,528.686996
1000.0,1000,528.952578
1000.0,1000,529.218819
1000.0,1000,529.485178
1000.0,1000,529.751764
1000.0,1000,530.018921
1000.0,1000,530.284936
1000.0,1000,533.855198
1000.0,1000,534.120979
1000.0,1000,534.386401
1000.0,1000,534.652001
1000.0,1000,534.91764
1000.0,1000,535.183264
1000.0,1000,535.448704
1000.0,1000,535.713932
1000.0,1000,535.979287
1000.0,1000,536.245484
1000.0,1000,539.821224
1000.0,1000,540.087235
1000.0,1000,540.352941
1000.0,1000,540.61909
1000.0,1000,540.88592
1000.0,1000,541.152174
1000.0,1000,541.419043
1000.0,1000,541.685531
1000.0,1000,541.951799
1000.0,1000,542.218261
1000.0,1000,545.791182
1000.0,1000,546.057615
1000.0,1000,546.324346
1000.0,1000,546.590667
1000.0,1000,546.857318
1000.0,1000,547.124279
1000.0,1000,547.391045
1000.0,1000,547.659988
1000.0,1000,547.925976
1000.0,1000,548.192034
1000.0,1000,551.760144
1000.0,1000,552.02241
1000.0,1000,552.284508
1000.0,1000,552.547026
1000.0,1000,552.808914
1000.0,1000,553.070924
1000.0,1000,553.333095
1000.0,1000,553.59606
1000.0,1000,553.858388
1000.0,1000,554.120724
1000.0,1000,557.689365
1000.0,1000,557.954427
1000.0,1000,558.219398
1000.0,1000,558.484513
1000.0,1000,558.749009
1000.0,1000,559.013707
1000.0,1000,559.278599
1000.0,1000,559.541792
1000.0,1000,559.806148
1000.0,1000,560.070625
1000.0,1000,563.64277
1000.0,1000,563.907658
1000.0,1000,564.17316
1000.0,1000,564.438197
1000.0,1000,564.703032
1000.0,1000,564.968048
1000.0,1000,565.232759
1000.0,1000,565.497789
1000.0,1000,565.762323
1000.0,1000,566.027151
1000.0,1000,569.600745
1000.0,1000,569.866505
1000.0,1000,570.132094
1000.0,1000,570.39737
1000.0,1000,570.66338
1000.0,1000,570.929048
1000.0,1000,571.194809
1000.0,1000,571.460799
1000.0,1000,571.726643
1000.0,1000,571.991827
1000.0,1000,575.56131
1000.0,1000,575.825936
1000.0,1000,576.090573
1000.0,1000,576.355013
1000.0,1000,576.620367
1000.0,1000,576.88704
1000.0,1000,577.153275
1000.0,1000,577.41968
1000.0,1000,577.688302
1000.0,1000,577.953891
1000.0,1000,581.526925
1000.0,1000,581.789343
1000.0,1000,582.05112
1000.0,1000,582.313577
1000.0,1000,582.576763
1000.0,1000,582.838943
1000.0,1000,583.101417
1000.0,1000,583.363588
1000.0,1000,583.626032
1000.0,1000,583.888525
1000.0,1000,587.462105
1000.0,1000,587.727589
1000.0,1000,587.993379
1000.0,1000,588.259271
1000.0,1000,588.526169
1000.0,1000,588.792231
1000.0,1000,589.05693
1000.0,1000,589.323203
1000.0,1000,589.589725
1000.0,1000,589.856692
1000.0,1000,593.435771
1000.0,1000,593.700103
1000.0,1000,593.964477
1000.0,1000,594.228911
1000.0,1000,594.493729
1000.0,1000,594.758321
1000.0,1000,595.025449
1000.0,1000,595.289935
1000.0,1000,595.55453
1000.0,1000,595.819012
1000.0,1000,599.396386
1000.0,1000,599.660613
1000.0,1000,599.925028
1000.0,1000,600.189019
1000.0,1000,600.454103
1000.0,1000,600.718878
1000.0,1000,600.983607
1000.0,1000,601.248088
1000.0,1000,601.512829
1000.0,1000,601.777922
1000.0,1000,605.355309
1000.0,1000,605.619938
1000.0,1000,605.884566
1000.0,1000,606.149116
1000.0,1000,606.41449
1000.0,1000,606.679665
1000.0,1000,606.94432
1000.0,1000,607.209677
1000.0,1000,607.474539
1000.0,1000,607.739002
1000.0,1000,611.319549
1000.0,1000,611.580316
1000.0,1000,611.841143
1000.0,1000,612.103861
1000.0,1000,612.364887
1000.0,1000,612.62562
1000.0,1000,612.88545
1000.0,1000,613.145298
1000.0,1000,613.405317
1000.0,1000,613.665803
1000.0,1000,617.235435
1000.0,1000,617.498624
1000.0,1000,617.762067
1000.0,1000,618.025259
1000.0,1000,618.288359
1000.0,1000,618.552152
1000.0,1000,618.815199
1000.0,1000,619.078465
1000.0,1000,619.342477
1000.0,1000,619.606032
1000.0,1000,623.17838
1000.0,1000,623.442453
1000.0,1000,623.70539
1000.0,1000,623.968361
1000.0,1000,624.232144
1000.0,1000,624.495375
1000.0,1000,624.756336
1000.0,1000,625.019745
1000.0,1000,625.283957
1000.0,1000,625.548119
1000.0,1000,629.12262
1000.0,1000,629.385342
1000.0,1000,629.647196
1000.0,1000,629.908084
1000.0,1000,630.170067
1000.0,1000,630.433595
1000.0,1000,630.694619
1000.0,1000,630.956669
1000.0,1000,631.21891
1000.0,1000,631.480632
1000.0,1000,635.0588
1000.0,1000,635.325383
1000.0,1000,635.591921
1000.0,1000,635.858343
1000.0,1000,636.125164
1000.0,1000,636.391965
1000.0,1000,636.658372
1000.0,1000,636.924523
1000.0,1000,637.190556
1000.0,1000,637.455929
1000.0,1000,641.037141
1000.0,1000,641.299876
1000.0,1000,641.562669
1000.0,1000,641.825661
1000.0,1000,642.088443
1000.0,1000,642.351799
1000.0,1000,642.614834
1000.0,1000,642.878038
1000.0,1000,643.141647
1000.0,1000,643.404311
1000.0,1000,646.98235
1000.0,1000,647.245852
1000.0,1000,647.510685
1000.0,1000,647.77386
1000.0,1000,648.037016
1000.0,1000,648.302454
1000.0,1000,648.567281
1000.0,1000,648.830652
1000.0,1000,649.093329
1000.0,1000,649.35674
1000.0,1000,652.936284
1000.0,1000,653.20092
1000.0,1000,653.464487
1000.0,1000,653.725787
1000.0,1000,653.986867
1000.0,1000,654.249016
1000.0,1000,654.51363
1000.0,1000,654.775294
1000.0,1000,655.038459
1000.0,1000,655.302322
1000.0,1000,658.883592
1000.0,1000,659.149663
1000.0,1000,659.416049
1000.0,1000,659.681762
1000.0,1000,659.948125
1000.0,1000,660.214382
1000.0,1000,660.481045
1000.0,1000,660.747041
1000.0,1000,661.013267
1000.0,1000,661.279744
1000.0,1000,664.862576
1000.0,1000,665.127803
1000.0,1000,665.393423
1000.0,1000,665.6589
1000.0,1000,665.924819
1000.0,1000,666.190736
1000.0,1000,666.456387
1000.0,1000,666.722599
1000.0,1000,666.988597
1000.0,1000,667.254473
1000.0,1000,670.836631
1000.0,1000,671.097409
1000.0,1000,671.35858
1000.0,1000,671.620124
1000.0,1000,671.881401
1000.0,1000,672.143734
1000.0,1000,672.40642
1000.0,1000,672.668687
1000.0,1000,672.930858
1000.0,1000,673.191896
1000.0,1000,676.777076
1000.0,1000,677.042753
1000.0,1000,677.307689
1000.0,1000,677.570404
1000.0,1000,677.83275
1000.0,1000,678.095153
1000.0,1000,678.357536
1000.0,1000,678.619549
1000.0,1000,678.881377
1000.0,1000,679.143676
1000.0,1000,682.728445
1000.0,1000,682.992218
1000.0,1000,683.256445
1000.0,1000,683.520638
1000.0,1000,683.784974
1000.0,1000,684.048991
1000.0,1000,684.312857
1000.0,1000,684.577137
1000.0,1000,684.842083
1000.0,1000,685.10695
1000.0,1000,688.694969
1000.0,1000,688.960092
1000.0,1000,689.225497
1000.0,1000,689.490012
1000.0,1000,689.754542
1000.0,1000,690.018934
1000.0,1000,690.283339
1000.0,1000,690.548717
1000.0,1000,690.813014
1000.0,1000,691.077523
1000.0,1000,694.665848
1000.0,1000,694.930595
1000.0,1000,695.194402
1000.0,1000,695.45884
1000.0,1000,695.723938
1000.0,1000,695.988874
1000.0,1000,696.252999
1000.0,1000,696.51816
1000.0,1000,696.783062
1000.0,1000,697.048152
1000.0,1000,700.636223
1000.0,1000,700.898341
1000.0,1000,701.160115
1000.0,1000,701.422046
1000.0,1000,701.684148
1000.0,1000,701.946058
1000.0,1000,702.207479
1000.0,1000,702.469335
1000.0,1000,702.730559
1000.0,1000,702.992449
1000.0,1000,706.576646
1000.0,1000,706.840395
1000.0,1000,707.104448
1000.0,1000,707.368724
1000.0,1000,707.631725
1000.0,1000,707.89623
1000.0,1000,708.159621
1000.0,1000,708.423762
1000.0,1000,708.687772
1000.0,1000,708.952012
1000.0,1000,712.536141
1000.0,1000,712.8006
1000.0,1000,713.062794
1000.0,1000,713.326169
1000.0,1000,713.587886
1000.0,1000,713.851592
1000.0,1000,714.115734
1000.0,1000,714.380371
1000.0,1000,714.644157
1000.0,1000,714.909203
1000.0,1000,718.494269
1000.0,1000,718.756802
1000.0,1000,719.019792
1000.0,1000,719.282702
1000.0,1000,719.545627
1000.0,1000,719.808249
1000.0,1000,720.071168
1000.0,1000,720.334159
1000.0,1000,720.597148
1000.0,1000,720.860883
1000.0,1000,724.4473
1000.0,1000,724.711895
1000.0,1000,724.976667
1000.0,1000,725.241368
1000.0,1000,725.505679
1000.0,1000,725.770574
1000.0,1000,726.03567
1000.0,1000,726.300792
1000.0,1000,726.565491
1000.0,1000,726.829442
1000.0,1000,730.420461
1000.0,1000,730.683986
1000.0,1000,730.945878
1000.0,1000,731.208078
1000.0,1000,731.470182
1000.0,1000,731.732715
1000.0,1000,731.995376
1000.0,1000,732.258267
1000.0,1000,732.520434
1000.0,1000,732.782058
1000.0,1000,736.368522
1000.0,1000,736.631319
1000.0,1000,736.892249
1000.0,1000,737.153853
1000.0,1000,737.417593
1000.0,1000,737.68093
1000.0,1000,737.944936
1000.0,1000,738.208553
1000.0,1000,738.470083
1000.0,1000,738.732469
1000.0,1000,742.322233
1000.0,1000,742.586424
1000.0,1000,742.84883
1000.0,1000,743.11096
1000.0,1000,743.37311
1000.0,1000,743.636073
1000.0,1000,743.898786
1000.0,1000,744.161459
1000.0,1000,744.424112
1000.0,1000,744.687339
1000.0,1000,748.281715
1000.0,1000,748.54663
1000.0,1000,748.811513
1000.0,1000,749.076823
1000.0,1000,749.342596
1000.0,1000,749.607523
1000.0,1000,749.872935
1000.0,1000,750.13824
1000.0,1000,750.403551
1000.0,1000,750.668329
1000.0,1000,754.261511
1000.0,1000,754.526101
1000.0,1000,754.791387
1000.0,1000,755.056832
1000.0,1000,755.321739
1000.0,1000,755.586607
1000.0,1000,755.851674
1000.0,1000,756.116614
1000.0,1000,756.381686
1000.0,1000,756.646768
1000.0,1000,760.249899
1000.0,1000,760.517559
1000.0,1000,760.784301
1000.0,1000,761.051072
1000.0,1000,761.317555
1000.0,1000,761.584126
1000.0,1000,761.849995
1000.0,1000,762.113167
1000.0,1000,762.376033
1000.0,1000,762.639467
1000.0,1000,766.236738
1000.0,1000,766.50104
1000.0,1000,766.7649
1000.0,1000,767.029485
1000.0,1000,767.294139
1000.0,1000,767.559192
1000.0,1000,767.823845
1000.0,1000,768.08901
1000.0,1000,768.354242
1000.0,1000,768.619121
1000.0,1000,772.219799
1000.0,1000,772.485142
1000.0,1000,772.75108
1000.0,1000,773.017053
1000.0,1000,773.281265
1000.0,1000,773.544146
1000.0,1000,773.806659
1000.0,1000,774.069294
1000.0,1000,774.331537
1000.0,1000,774.594339
1000.0,1000,778.193595
1000.0,1000,778.458266
1000.0,1000,778.723045
1000.0,1000,778.987595
1000.0,1000,779.252455
1000.0,1000,779.517183
1000.0,1000,779.782089
1000.0,1000,780.046711
1000.0,1000,780.311144
1000.0,1000,780.576039
1000.0,1000,784.176644
1000.0,1000,784.442827
1000.0,1000,784.709148
1000.0,1000,784.976282
1000.0,1000,785.243455
1000.0,1000,785.509396
1000.0,1000,785.77581
1000.0,1000,786.042392
1000.0,1000,786.308988
1000.0,1000,786.575112
1000.0,1000,790.179595
1000.0,1000,790.44559
1000.0,1000,790.710252
1000.0,1000,790.973227
1000.0,1000,791.235821
1000.0,1000,791.498717
1000.0,1000,791.761643
1000.0,1000,792.024775
1000.0,1000,792.288469
1000.0,1000,792.551779
1000.0,1000,796.153973
1000.0,1000,796.420053
1000.0,1000,796.686529
1000.0,1000,796.952525
1000.0,1000,797.218813
1000.0,1000,797.485788
1000.0,1000,797.752845
1000.0,1000,798.020171
1000.0,1000,798.28704
1000.0,1000,798.55326
1000.0,1000,802.159123
1000.0,1000,802.421922
1000.0,1000,802.686372
1000.0,1000,802.949271
1000.0,1000,803.212689
1000.0,1000,803.476135
1000.0,1000,803.738203
1000.0,1000,804.001102
1000.0,1000,804.264098
1000.0,1000,804.527646
1000.0,1000,808.13323
1000.0,1000,808.395197
1000.0,1000,808.65719
1000.0,1000,808.919336
1000.0,1000,809.181797
1000.0,1000,809.444037
1000.0,1000,809.706368
1000.0,1000,809.968837
1000.0,1000,810.230855
1000.0,1000,810.493816
1000.0,1000,814.101096
1000.0,1000,814.366175
1000.0,1000,814.630551
1000.0,1000,814.892314
1000.0,1000,815.155254
1000.0,1000,815.417683
1000.0,1000,815.679501
1000.0,1000,815.944511
1000.0,1000,816.208795
1000.0,1000,816.470614
1000.0,1000,820.078803
1000.0,1000,820.342268
1000.0,1000,820.605734
1000.0,1000,820.868731
1000.0,1000,821.131706
1000.0,1000,821.394938
1000.0,1000,821.657944
1000.0,1000,821.920652
1000.0,1000,822.183252
1000.0,1000,822.445845
1000.0,1000,826.055316
1000.0,1000,826.320368
1000.0,1000,826.585394
1000.0,1000,826.850056
1000.0,1000,827.114977
1000.0,1000,827.380041
1000.0,1000,827.645108
1000.0,1000,827.910056
1000.0,1000,828.174539
1000.0,1000,828.439587
1000.0,1000,832.048315
1000.0,1000,832.313131
1000.0,1000,832.575579
1000.0,1000,832.839736
1000.0,1000,833.102671
1000.0,1000,833.364276
1000.0,1000,833.62866
1000.0,1000,833.893706
1000.0,1000,834.158368
1000.0,1000,834.423208
1000.0,1000,838.035987
1000.0,1000,838.29705
1000.0,1000,838.558275
1000.0,1000,838.819011
1000.0,1000,839.080279
1000.0,1000,839.342162
1000.0,1000,839.603708
1000.0,1000,839.865409
1000.0,1000,840.127049
1000.0,1000,840.389445
1000.0,1000,843.998666
1000.0,1000,844.264824
1000.0,1000,844.53101
1000.0,1000,844.79673
1000.0,1000,845.063007
1000.0,1000,845.329034
1000.0,1000,845.595371
1000.0,1000,845.86118
1000.0,1000,846.126822
1000.0,1000,846.392796
1000.0,1000,850.005603
1000.0,1000,850.267699
1000.0,1000,850.530078
1000.0,1000,850.792346
1000.0,1000,851.054559
1000.0,1000,851.317349
1000.0,1000,851.579753
1000.0,1000,851.841444
1000.0,1000,852.103684
1000.0,1000,852.365491
1000.0,1000,855.977892
1000.0,1000,856.243915
1000.0,1000,856.510094
1000.0,1000,856.77613
1000.0,1000,857.042539
1000.0,1000,857.308457
1000.0,1000,857.574244
1000.0,1000,857.840626
1000.0,1000,858.106532
1000.0,1000,858.372927
1000.0,1000,861.986489
1000.0,1000,862.251165
1000.0,1000,862.516189
1000.0,1000,862.78092
1000.0,1000,863.045427
1000.0,1000,863.310509
1000.0,1000,863.575182
1000.0,1000,863.839376
1000.0,1000,864.104147
1000.0,1000,864.368381
1000.0,1000,867.982203
1000.0,1000,868.245133
1000.0,1000,868.508135
1000.0,1000,868.771505
1000.0,1000,869.034962
1000.0,1000,869.297469
1000.0,1000,869.560405
1000.0,1000,869.823337
1000.0,1000,870.086143
1000.0,1000,870.349653
1000.0,1000,873.968679
1000.0,1000,874.232909
1000.0,1000,874.497056
1000.0,1000,874.763093
1000.0,1000,875.029577
1000.0,1000,875.293028
1000.0,1000,875.556922
1000.0,1000,875.820591
1000.0,1000,876.087002
1000.0,1000,876.352868
1000.0,1000,879.970388
1000.0,1000,880.235169
1000.0,1000,880.501136
1000.0,1000,880.764066
1000.0,1000,881.026228
1000.0,1000,881.288666
1000.0,1000,881.55278
1000.0,1000,881.815755
1000.0,1000,882.078222
1000.0,1000,882.340558
1000.0,1000,885.961166
1000.0,1000,886.226268
1000.0,1000,886.492026
1000.0,1000,886.757405
1000.0,1000,887.023566
1000.0,1000,887.289593
1000.0,1000,887.555174
1000.0,1000,887.820573
1000.0,1000,888.086089
1000.0,1000,888.351422
1000.0,1000,891.971117
1000.0,1000,892.235791
1000.0,1000,892.500078
1000.0,1000,892.764043
1000.0,1000,893.02852
1000.0,1000,893.292775
1000.0,1000,893.558117
1000.0,1000,893.823425
1000.0,1000,894.088096
1000.0,1000,894.352862
1000.0,1000,897.976407
1000.0,1000,898.238272
1000.0,1000,898.499823
1000.0,1000,898.761256
1000.0,1000,899.022632
1000.0,1000,899.287087
1000.0,1000,899.54902
1000.0,1000,899.810799
1000.0,1000,900.072459
1000.0,1000,900.334332
1000.0,1000,903.960305
1000.0,1000,904.226664
1000.0,1000,904.493281
1000.0,1000,904.759835
1000.0,1000,905.026119
1000.0,1000,905.292391
1000.0,1000,905.559601
1000.0,1000,905.826481
1000.0,1000,906.093222
1000.0,1000,906.359762
1000.0,1000,909.985957
1000.0,1000,910.249428
1000.0,1000,910.512256
1000.0,1000,910.775039
1000.0,1000,911.037971
1000.0,1000,911.301072
1000.0,1000,911.564228
1000.0,1000,911.827541
1000.0,1000,912.090572
1000.0,1000,912.353681
1000.0,1000,915.97673
1000.0,1000,916.242418
1000.0,1000,916.508055
1000.0,1000,916.774203
1000.0,1000,917.039785
1000.0,1000,917.305425
1000.0,1000,917.571379
1000.0,1000,917.837506
1000.0,1000,918.103888
1000.0,1000,918.369928
1000.0,1000,921.997401
1000.0,1000,922.262667
1000.0,1000,922.528812
1000.0,1000,922.793507
1000.0,1000,923.059901
1000.0,1000,923.325905
1000.0,1000,923.590739
1000.0,1000,923.856382
1000.0,1000,924.121882
1000.0,1000,924.388402
1000.0,1000,928.014067
1000.0,1000,928.280569
1000.0,1000,928.545381
1000.0,1000,928.809936
1000.0,1000,929.073437
1000.0,1000,929.337181
1000.0,1000,929.602462
1000.0,1000,929.86657
1000.0,1000,930.12986
1000.0,1000,930.393848
1000.0,1000,934.018077
1000.0,1000,934.284209
1000.0,1000,934.550474
1000.0,1000,934.816962
1000.0,1000,935.083681
1000.0,1000,935.350835
1000.0,1000,935.615248
1000.0,1000,935.879189
1000.0,1000,936.143029
1000.0,1000,936.407118
1000.0,1000,940.027639
1000.0,1000,940.292251
1000.0,1000,940.554571
1000.0,1000,940.8161
1000.0,1000,941.078424
1000.0,1000,941.340447
1000.0,1000,941.601832
1000.0,1000,941.863646
1000.0,1000,942.125471
1000.0,1000,942.387872
1000.0,1000,946.00738
1000.0,1000,946.272978
1000.0,1000,946.53916
1000.0,1000,946.804612
1000.0,1000,947.070807
1000.0,1000,947.33834
1000.0,1000,947.60597
1000.0,1000,947.873513
1000.0,1000,948.140846
1000.0,1000,948.40747
1000.0,1000,952.032361
1000.0,1000,952.299935
1000.0,1000,952.567004
1000.0,1000,952.834132
1000.0,1000,953.101631
1000.0,1000,953.368741
1000.0,1000,953.635959
1000.0,1000,953.903919
1000.0,1000,954.170723
1000.0,1000,954.438645
1000.0,1000,958.064606
1000.0,1000,958.330722
1000.0,1000,958.596987
1000.0,1000,958.863012
1000.0,1000,959.128929
1000.0,1000,959.394589
1000.0,1000,959.660743
1000.0,1000,959.927085
1000.0,1000,960.193624
1000.0,1000,960.459943
1000.0,1000,964.086308
1000.0,1000,964.351895
1000.0,1000,964.617305
1000.0,1000,964.880116
1000.0,1000,965.144379
1000.0,1000,965.410329
1000.0,1000,965.676916
1000.0,1000,965.943204
1000.0,1000,966.209766
1000.0,1000,966.475932
1000.0,1000,970.100284
1000.0,1000,970.362875
1000.0,1000,970.627614
1000.0,1000,970.890272
1000.0,1000,971.152799
1000.0,1000,971.415298
1000.0,1000,971.677997
1000.0,1000,971.942552
1000.0,1000,972.208708
1000.0,1000,972.473467
1000.0,1000,976.096988
1000.0,1000,976.363138
1000.0,1000,976.629568
1000.0,1000,976.895886
1000.0,1000,977.161498
1000.0,1000,977.427263
1000.0,1000,977.693136
1000.0,1000,977.959401
1000.0,1000,978.226532
1000.0,1000,978.49302
1000.0,1000,982.121827
1000.0,1000,982.388414
1000.0,1000,982.654702
1000.0,1000,982.920706
1000.0,1000,983.187223
1000.0,1000,983.454202
1000.0,1000,983.720915
1000.0,1000,983.987489
1000.0,1000,984.253992
1000.0,1000,984.520582
1000.0,1000,988.143798
1000.0,1000,988.408693
1000.0,1000,988.673742
1000.0,1000,988.938976
1000.0,1000,989.203853
1000.0,1000,989.468881
1000.0,1000,989.73382
1000.0,1000,989.998683
1000.0,1000,990.263478
1000.0,1000,990.528824
1000.0,1000,994.154185
1000.0,1000,994.419319
1000.0,1000,994.684758
1000.0,1000,994.951144
1000.0,1000,995.214287
1000.0,1000,995.479581
1000.0,1000,995.745256
1000.0,1000,996.011074
1000.0,1000,996.27716
1000.0,1000,996.543318
1000.0,1000,1000.165391
1000.0,1000,1000.427823
1000.0,1000,1000.693075
1000.0,1000,1000.95611
1000.0,1000,1001.218459
1000.0,1000,1001.480752
1000.0,1000,1001.743117
1000.0,1000,1002.005652
1000.0,1000,1002.26868
1000.0,1000,1002.53129
1000.0,1000,1006.15576
1000.0,1000,1006.421017
1000.0,1000,1006.686516
1000.0,1000,1006.952276
1000.0,1000,1007.218119
1000.0,1000,1007.483132
1000.0,1000,1007.746114
1000.0,1000,1008.010541
1000.0,1000,1008.276339
1000.0,1000,1008.54187
1000.0,1000,1012.166867
1000.0,1000,1012.432222
1000.0,1000,1012.697605
1000.0,1000,1012.960848
1000.0,1000,1013.225704
1000.0,1000,1013.491431
1000.0,1000,1013.756735
1000.0,1000,1014.02246
1000.0,1000,1014.287053
1000.0,1000,1014.551599
1000.0,1000,1018.175771
1000.0,1000,1018.440221
1000.0,1000,1018.704909
1000.0,1000,1018.969784
1000.0,1000,1019.234468
1000.0,1000,1019.499185
1000.0,1000,1019.763273
1000.0,1000,1020.025888
1000.0,1000,1020.289804
1000.0,1000,1020.554803
1000.0,1000,1024.180477
1000.0,1000,1024.444959
1000.0,1000,1024.707223
1000.0,1000,1024.971193
1000.0,1000,1025.236051
1000.0,1000,1025.500085
1000.0,1000,1025.764667
1000.0,1000,1026.029592
1000.0,1000,1026.292663
1000.0,1000,1026.557466
1000.0,1000,1030.180605
1000.0,1000,1030.443479
1000.0,1000,1030.706517
1000.0,1000,1030.97192
1000.0,1000,1031.235045
1000.0,1000,1031.498098
1000.0,1000,1031.760857
1000.0,1000,1032.023695
1000.0,1000,1032.285962
1000.0,1000,1032.548601
1000.0,1000,1036.17327
1000.0,1000,1036.436562
1000.0,1000,1036.699638
1000.0,1000,1036.962279
1000.0,1000,1037.225184
1000.0,1000,1037.488333
1000.0,1000,1037.751581
1000.0,1000,1038.014301
1000.0,1000,1038.277146
1000.0,1000,1038.540094
1000.0,1000,1042.164491
1000.0,1000,1042.429639
1000.0,1000,1042.695707
1000.0,1000,1042.961615
1000.0,1000,1043.227257
1000.0,1000,1043.493859
1000.0,1000,1043.760122
1000.0,1000,1044.025791
1000.0,1000,1044.292006
1000.0,1000,1044.557723
1000.0,1000,1048.181612
1000.0,1000,1048.447867
1000.0,1000,1048.714375
1000.0,1000,1048.980614
1000.0,1000,1049.246829
1000.0,1000,1049.513591
1000.0,1000,1049.780095
1000.0,1000,1050.046605
1000.0,1000,1050.313348
1000.0,1000,1050.580276
1000.0,1000,1054.204243
1000.0,1000,1054.468619
1000.0,1000,1054.733815
1000.0,1000,1054.996336
1000.0,1000,1055.258907
1000.0,1000,1055.524286
1000.0,1000,1055.789815
1000.0,1000,1056.052754
1000.0,1000,1056.315652
1000.0,1000,1056.58094
1000.0,1000,1060.204062
1000.0,1000,1060.467286
1000.0,1000,1060.730805
1000.0,1000,1060.996531
1000.0,1000,1061.26006
1000.0,1000,1061.52342
1000.0,1000,1061.786924
1000.0,1000,1062.050352
1000.0,1000,1062.313587
1000.0,1000,1062.577163
1000.0,1000,1066.205676
1000.0,1000,1066.472314
1000.0,1000,1066.736497
1000.0,1000,1067.000103
1000.0,1000,1067.265929
1000.0,1000,1067.532366
1000.0,1000,1067.796332
1000.0,1000,1068.059809
1000.0,1000,1068.325265
1000.0,1000,1068.591399
