#{"t_start": 1662437838.2674792, "env_id": "Walker2d-v3"}
r,l,t
26.311637,50,3.201331
23.137245,48,3.222681
21.815614,46,3.243093
24.805954,48,3.264455
20.68101,45,3.284421
23.609803,48,3.305788
23.855977,48,3.3272
23.022104,47,3.348141
25.209631,49,3.36993
24.0068,47,3.390823
235.246402,129,152.355529
223.726777,121,152.409456
232.570962,128,152.466256
319.370909,204,152.556974
73.777957,167,152.630672
208.416688,108,152.678717
214.286847,113,152.728914
222.910486,120,152.782224
197.253932,101,152.827285
221.00837,117,152.879241
351.077237,180,301.097399
294.997519,137,301.159346
253.189718,113,301.209503
372.971921,202,301.300322
359.098513,194,301.387616
348.608777,181,301.469238
261.473138,117,301.521085
247.963819,111,301.570083
298.077989,140,301.632984
260.195126,118,301.6851
372.483903,197,454.203441
316.094562,159,454.272853
297.884637,142,454.335463
352.939502,195,454.422061
247.212667,229,454.522456
274.604813,147,454.586667
286.371917,149,454.651824
162.689431,129,454.708734
306.847402,149,454.774338
388.570744,266,454.89062
476.654129,172,604.701468
460.374724,177,604.780063
488.272072,197,604.867543
484.184538,173,604.943026
511.648552,199,605.031768
501.468476,183,605.112467
473.919233,188,605.196238
359.464304,141,605.258028
570.634096,211,605.351074
495.337614,186,605.433147
327.429792,177,752.744411
256.991117,143,752.807723
373.099539,186,752.889047
523.113042,202,752.978154
499.513965,199,753.065554
270.724321,159,753.135415
320.392721,160,753.205778
289.734531,167,753.278934
663.571262,351,753.433112
768.356251,308,753.567426
479.901638,206,904.223415
733.857819,284,904.34486
577.076891,219,904.43894
520.241912,228,904.537378
555.365793,201,904.623841
606.58528,242,904.727259
494.240563,188,904.807992
608.37222,249,904.914565
630.782367,262,905.02667
499.29796,214,905.118361
401.531804,163,1060.607225
408.23935,166,1060.678485
405.44121,169,1060.750814
429.30437,168,1060.822689
470.870165,180,1060.899682
441.033342,176,1060.975278
361.089098,151,1061.040401
359.657972,160,1061.108701
325.474384,145,1061.171032
436.053585,177,1061.246939
595.105731,220,1245.789135
1196.800633,358,1245.942656
585.886508,216,1246.035572
1380.255176,404,1246.208271
696.81933,248,1246.314629
612.516521,227,1246.412655
645.554465,232,1246.512597
518.720503,194,1246.596343
727.083218,235,1246.697576
1108.23771,357,1246.850674
613.918783,198,1451.354304
587.373713,192,1451.436616
584.378433,190,1451.518173
712.663475,222,1451.613246
529.023776,184,1451.69195
833.38246,237,1451.793124
649.68625,218,1451.886849
628.434562,199,1451.972257
652.208436,216,1452.065099
720.28511,215,1452.157144
1045.913875,283,1656.744512
915.825155,264,1656.858263
1055.550091,289,1656.982577
1273.300669,334,1657.125954
1070.10182,304,1657.257227
1208.109345,330,1657.398894
1450.66898,375,1657.559704
1334.693785,344,1657.707267
1276.216149,347,1657.856306
1031.938831,283,1657.978073
1222.273054,373,1869.35359
819.673011,255,1869.463009
904.719875,281,1869.58315
1141.284779,316,1869.717039
658.748557,215,1869.809267
1012.240324,316,1869.944439
620.945858,202,1870.030884
757.595077,262,1870.142968
707.861734,224,1870.239407
942.452519,294,1870.365211
726.277007,238,2076.811358
1185.11522,344,2076.959502
760.992573,251,2077.06816
727.121318,230,2077.166852
761.182311,251,2077.275253
774.953232,257,2077.386199
819.931812,272,2077.503841
746.311506,239,2077.606934
784.686175,247,2077.713164
834.399136,254,2077.82218
965.962804,324,2293.490341
1459.569949,452,2293.684649
1056.180173,338,2293.829821
1245.80068,370,2293.988866
1097.613138,350,2294.139516
1183.583133,389,2294.306828
1264.520146,381,2294.470565
1113.118987,346,2294.619245
1843.77805,554,2294.857952
1108.721135,354,2295.010607
1127.933072,346,2512.122936
1314.877319,378,2512.284808
1182.896731,343,2512.43119
1216.864168,388,2512.597261
1594.529698,486,2512.805527
1502.774308,406,2512.979428
1128.482824,340,2513.125395
1307.07049,380,2513.288489
1323.667588,385,2513.453045
722.552095,273,2513.570349
814.799353,267,2737.406931
614.339677,223,2737.502944
687.958147,242,2737.607068
717.753825,299,2737.736787
626.487783,226,2737.834217
691.436838,237,2737.936009
764.431328,249,2738.043472
709.205235,261,2738.156553
672.1969,246,2738.262959
727.327369,238,2738.365121
1595.074081,432,2964.708318
2242.565546,624,2964.976642
1426.702522,420,2965.157087
911.367538,287,2965.281105
1579.613211,455,2965.475364
1529.261628,464,2965.674497
1595.431019,620,2965.940874
1256.307643,348,2966.089932
1192.772006,325,2966.22873
1031.652836,319,2966.365215
696.311209,239,3191.884271
734.036134,236,3191.985563
838.15532,238,3192.087664
1300.32272,348,3192.236138
936.107649,289,3192.360767
1327.836066,349,3192.509858
730.170883,223,3192.605145
1026.738025,301,3192.733899
2164.139099,567,3192.975393
1509.904488,391,3193.14185
1091.907997,351,3422.421241
890.729465,289,3422.544407
1025.840347,319,3422.680576
887.250152,280,3422.799153
1083.995383,326,3422.937771
1874.871471,512,3423.154609
1247.158389,381,3423.316855
1083.938774,371,3423.475008
628.977619,247,3423.581201
1695.120034,525,3423.803559
1488.782174,392,3643.867992
1185.622912,329,3644.008201
793.854051,248,3644.11465
772.755118,239,3644.216849
1327.747763,369,3644.373992
737.770956,228,3644.470998
908.470149,265,3644.584104
1585.928523,431,3644.76734
986.743514,285,3644.888408
809.089536,248,3644.994971
890.946025,263,3879.311051
1150.78384,400,3879.481523
490.487874,186,3879.561404
1889.25796,532,3879.787274
1957.497451,526,3880.011219
949.136897,362,3880.165739
297.436506,130,3880.221464
568.329876,185,3880.300483
1597.39618,434,3880.485194
573.760156,187,3880.565247
1520.794336,397,4107.806614
2145.534626,536,4108.034632
1385.5835,373,4108.193727
1093.26061,359,4108.346836
801.695329,244,4108.450942
1219.442848,340,4108.596018
1162.450405,352,4108.745512
1745.228635,473,4108.946337
2379.423785,573,4109.190082
1955.763641,566,4109.431973
819.024415,244,4332.932878
1657.71349,483,4333.138214
2871.689836,698,4333.434182
2407.28487,616,4333.695796
1589.64546,399,4333.86485
669.862717,229,4333.962596
2455.833574,600,4334.216159
2307.358803,542,4334.445394
2490.960448,593,4334.696147
3742.977917,1000,4335.12045
113.589118,71,4560.41174
1919.651479,506,4560.627032
4027.998512,1000,4561.052936
835.381739,245,4561.157061
595.942732,197,4561.240744
896.021675,281,4561.360601
109.444035,67,4561.389375
1427.615182,397,4561.558897
1737.918986,463,4561.756617
122.491902,73,4561.787852
2130.081408,492,4792.613631
166.221761,83,4792.64972
2218.266038,540,4792.880206
4130.400793,1000,4793.307672
1579.735779,412,4793.483173
4350.7147,1000,4793.912168
1466.6518,391,4794.07906
1181.796936,317,4794.214073
1280.699554,309,4794.346094
2478.514194,629,4794.617109
2985.65718,745,5026.406294
1506.933487,394,5026.574551
2436.583414,625,5026.840908
1696.731948,427,5027.023297
4061.658939,1000,5027.449526
3628.057616,878,5027.822632
1679.454507,453,5028.015528
4174.611919,1000,5028.441436
1595.636258,444,5028.630861
4278.321237,1000,5029.056818
2214.062285,602,5254.705134
1461.619955,392,5254.872181
754.465125,229,5254.970105
1769.207982,478,5255.173286
4505.418775,1000,5255.599393
682.674237,220,5255.693609
3732.689501,896,5256.074023
3788.07038,1000,5256.497824
713.682243,220,5256.591589
1530.238396,404,5256.763621
2005.813835,496,5481.030974
1696.389175,431,5481.213687
2393.741671,571,5481.456207
1458.911927,386,5481.620529
1541.726085,375,5481.779839
2425.323769,576,5482.02386
4193.110008,1000,5482.44693
3104.54153,712,5482.749899
2718.430744,639,5483.021943
2928.677977,705,5483.32137
1482.934548,416,5717.875013
1330.111895,349,5718.023582
1106.196733,322,5718.161028
1092.671208,305,5718.290912
1320.755335,363,5718.445283
1158.435537,331,5718.586665
1216.743038,338,5718.730014
4173.261491,1000,5719.153927
1393.029383,401,5719.324457
1187.488172,337,5719.468058
1804.35672,475,5945.402688
2912.808564,655,5945.681415
1355.764389,357,5945.833276
2285.85457,576,5946.078276
2763.961579,764,5946.40282
2586.686467,644,5946.675669
1547.346807,388,5946.840958
1511.476183,394,5947.008603
2223.704275,556,5947.244096
1095.664797,311,5947.376603
156.180746,96,6171.453333
731.164224,247,6171.558176
168.052386,93,6171.598068
122.290856,81,6171.6327
3484.337052,1000,6172.054412
188.567578,107,6172.100017
149.664773,93,6172.139567
194.096356,107,6172.185055
828.503685,292,6172.308822
841.451115,305,6172.438316
1378.491405,443,6403.6621
4191.499822,888,6404.039591
4754.015499,1000,6404.464086
1828.080028,452,6404.656006
4380.217183,917,6405.045027
3769.895599,941,6405.443928
2668.867021,614,6405.704893
2149.678167,545,6405.936311
2372.789969,652,6406.212361
1208.214294,338,6406.355529
1286.636743,345,6639.208172
1255.756947,340,6639.352515
1166.750966,317,6639.48751
1236.862272,348,6639.635078
2610.532108,624,6639.899054
1255.249554,346,6640.045999
1060.568447,293,6640.170806
3665.415922,839,6640.525715
1188.390359,329,6640.665342
1261.292581,340,6640.809782
3508.882009,835,6867.024828
2355.153132,550,6867.258993
2152.261122,505,6867.473651
2957.343265,666,6867.75741
1125.247195,308,6867.888314
351.9745,143,6867.94918
3656.231462,930,6868.342809
1906.660036,503,6868.556804
1744.137913,451,6868.748828
749.770474,217,6868.840628
1647.082777,384,7102.580683
1647.588335,403,7102.752412
3523.332425,835,7103.106724
3503.341347,886,7103.482218
673.191317,213,7103.57301
2112.296397,561,7103.811453
2382.345268,526,7104.035318
1467.423456,486,7104.241919
3850.82671,889,7104.618845
1109.249641,286,7104.740919
4254.452967,1000,7315.631788
4379.750398,1000,7316.055295
4350.872828,1000,7316.479612
3743.989821,825,7316.829258
4272.871649,1000,7317.254787
3384.714918,805,7317.596952
3497.503553,814,7317.943668
4382.201702,1000,7318.369833
4536.413555,1000,7318.795936
4209.091456,1000,7319.221347
872.292702,260,7565.902731
1283.313581,351,7566.052994
2683.829332,679,7566.341365
1484.959847,397,7566.510864
318.264502,135,7566.569031
1209.213497,365,7566.724326
1815.792733,530,7566.950188
3003.145619,862,7567.317454
2123.662771,556,7567.553574
1552.921035,391,7567.720554
2681.054297,640,7797.305416
2774.128653,695,7797.602852
3912.033117,1000,7798.028147
2229.922031,599,7798.283635
4478.740921,1000,7798.709657
4129.34015,1000,7799.135596
4314.501011,1000,7799.561497
4065.790179,1000,7799.986912
4138.568798,1000,7800.413067
4168.290904,1000,7800.838774
4155.081595,1000,8023.006521
1600.480157,397,8023.176061
4467.252453,1000,8023.602227
4244.236864,1000,8024.02787
4223.423477,1000,8024.452718
4261.354212,1000,8024.876349
2410.794948,561,8025.114954
4305.532817,1000,8025.539862
4371.816586,1000,8025.964505
4293.121608,1000,8026.388847
4667.446523,1000,8262.131502
2248.976678,535,8262.358238
4478.138854,1000,8262.781619
4619.383272,1000,8263.205744
4679.32692,1000,8263.630682
4249.391155,1000,8264.05336
1329.497914,339,8264.197379
4667.304417,1000,8264.622366
3041.723207,787,8264.955026
4647.331059,1000,8265.379161
1918.580826,463,8493.259162
4266.271461,1000,8493.682325
2506.319108,561,8493.919485
2913.126286,870,8494.288182
2183.922761,533,8494.513794
3987.275049,960,8494.919233
887.922671,272,8495.035103
1360.599024,387,8495.199524
3544.369091,804,8495.540293
4258.503844,1000,8495.964158
2979.551529,681,8715.580746
4557.27899,1000,8716.004205
4509.490848,1000,8716.427652
4401.693306,1000,8716.852721
4467.77025,1000,8717.277999
2689.097256,632,8717.546459
3712.062305,867,8717.91399
3213.539615,735,8718.225747
4573.33945,1000,8718.650496
4352.689311,973,8719.062611
4423.053662,996,8970.955544
2498.27536,586,8971.205249
4315.350046,1000,8971.630988
4375.072948,1000,8972.055602
4484.176604,1000,8972.479926
4443.973282,1000,8972.905075
4068.620333,913,8973.292798
4541.8637,1000,8973.716884
4344.65776,1000,8974.142148
4217.106115,1000,8974.567417
4625.57538,1000,9198.646863
2998.373602,701,9198.943057
2360.282377,562,9199.181099
4638.649014,1000,9199.604841
3808.241927,854,9199.967095
3105.803142,700,9200.263919
2036.067776,490,9200.472
3468.784485,780,9200.802638
2527.167438,582,9201.050038
4024.016702,879,9201.423512
3619.299239,833,9424.88213
1759.205685,432,9425.065795
1684.075168,412,9425.241552
3743.809363,887,9425.618571
4598.146858,1000,9426.043808
4332.084089,1000,9426.46799
3024.899106,703,9426.765581
3902.385811,1000,9427.189577
4562.283425,1000,9427.613884
3473.500809,779,9427.944842
1673.209007,446,9659.687103
4003.225774,1000,9660.112961
2622.942464,649,9660.389079
3762.112192,996,9660.821262
2935.680483,698,9661.118644
4479.869518,1000,9661.543989
2212.939967,577,9661.789158
3850.383872,1000,9662.215384
4070.731748,1000,9662.640934
2272.169162,583,9662.88881
3813.239639,884,9910.147282
4107.727459,1000,9910.57497
4240.77897,1000,9911.004013
4107.261238,1000,9911.437216
4587.143858,1000,9911.866376
4637.569721,1000,9912.293979
4448.173762,1000,9912.722493
4202.041889,1000,9913.151499
4571.964985,1000,9913.578048
4120.639209,1000,9914.006368
4124.724016,1000,10143.419122
4281.038063,1000,10143.846138
4231.327839,1000,10144.27151
4189.040238,1000,10144.701673
4040.931509,1000,10145.12742
3988.866544,1000,10145.553724
4137.639102,1000,10145.980487
3476.222405,857,10146.345774
2135.014161,548,10146.579883
4145.177893,1000,10147.009418
4842.58665,1000,10371.916274
4773.026334,1000,10372.341794
4308.781293,1000,10372.767986
4646.863927,1000,10373.194252
1475.265828,371,10373.35274
4236.274473,1000,10373.780639
4389.590508,1000,10374.20859
2893.633651,766,10374.534086
4309.012238,1000,10374.962239
1067.089153,314,10375.096013
4544.929254,1000,10616.658565
4349.164052,1000,10617.085193
4462.659448,1000,10617.511028
4510.816237,1000,10617.937368
4558.990463,1000,10618.364311
4568.473084,1000,10618.789868
4544.374471,1000,10619.21677
4539.151924,1000,10619.642945
4599.351713,1000,10620.069065
4510.880897,1000,10620.495454
4461.164842,1000,10852.968086
4511.826278,1000,10853.396122
4566.916848,1000,10853.822413
4435.296961,1000,10854.250844
4244.125099,1000,10854.678391
4619.923072,1000,10855.105285
2918.718601,681,10855.396732
4325.635547,1000,10855.822792
4552.473532,1000,10856.250943
4570.12036,1000,10856.678593
4749.881429,1000,11080.599869
4672.159286,1000,11081.026709
4752.626112,1000,11081.457749
4656.593925,1000,11081.884443
4743.926917,1000,11082.313326
4785.627657,1000,11082.740824
4588.510056,1000,11083.167225
4794.864818,1000,11083.594552
4724.848379,1000,11084.021901
4790.297688,1000,11084.449101
4646.687195,1000,11315.013095
4739.102703,1000,11315.438715
4702.867454,1000,11315.864323
4750.13835,1000,11316.29027
4739.689484,1000,11316.716715
4772.922008,1000,11317.141779
4758.804864,1000,11317.567837
4679.647546,1000,11317.993995
4741.353716,1000,11318.418527
4700.607103,1000,11318.845091
3224.891759,852,11552.765393
1058.444867,311,11552.898713
5014.555298,1000,11553.324983
2110.123193,562,11553.566045
4460.635065,1000,11553.991792
3632.434903,1000,11554.416334
4278.256646,1000,11554.841545
4257.643864,1000,11555.267145
4805.618056,1000,11555.691542
2428.220495,660,11555.971484
4922.686955,1000,11787.640656
4728.893032,1000,11788.065594
4948.89064,1000,11788.490258
4891.192407,1000,11788.914861
4877.84109,1000,11789.338521
4644.697044,1000,11789.762135
4955.092951,1000,11790.185745
4524.344884,1000,11790.609552
4803.752262,1000,11791.033408
4896.473637,1000,11791.457338
4726.446807,1000,12024.778381
4293.903477,1000,12025.202553
4523.661157,1000,12025.625756
4388.537342,1000,12026.049773
4690.658882,1000,12026.473081
4682.155009,1000,12026.896719
4535.444206,1000,12027.3198
4498.714034,1000,12027.742826
4517.029653,1000,12028.16679
4682.374419,1000,12028.589877
4746.140103,1000,12262.10392
4722.081138,1000,12262.527527
4715.610374,1000,12262.951371
4683.853099,1000,12263.37516
4706.457397,1000,12263.799395
4776.642733,1000,12264.223483
4629.829951,1000,12264.647888
4683.356035,1000,12265.071652
4667.362059,1000,12265.49656
4711.414191,1000,12265.921573
4912.855829,1000,12502.687073
4835.478164,1000,12503.111489
4949.831763,1000,12503.535957
4763.728613,1000,12503.960783
4870.041387,1000,12504.386425
4907.418154,1000,12504.810982
4962.924616,1000,12505.235542
4947.386155,1000,12505.659589
4968.455519,1000,12506.084298
5034.734184,1000,12506.508693
4914.745026,1000,12736.809557
4885.374492,1000,12737.23653
4938.690526,1000,12737.662141
4840.806516,1000,12738.087788
4775.656896,1000,12738.512154
3574.643848,802,12738.853322
4949.489778,1000,12739.27947
4081.58505,889,12739.657931
4475.759361,1000,12740.083227
4874.49397,1000,12740.508816
4657.459308,1000,12965.754807
4956.687101,1000,12966.178927
4967.798581,1000,12966.602866
4971.729851,1000,12967.026967
4859.451539,1000,12967.451106
4952.230025,1000,12967.87528
4938.743165,1000,12968.2986
4763.893166,1000,12968.722679
4835.694627,1000,12969.146516
5060.770707,1000,12969.571143
1330.671333,331,13199.242818
5069.691245,1000,13199.667423
2337.4515,541,13199.897907
5067.724484,1000,13200.322527
3577.138416,738,13200.636188
2850.884541,609,13200.894932
4556.78227,1000,13201.317976
1743.120298,410,13201.492406
3158.339411,657,13201.770963
5013.494907,1000,13202.194415
4733.572764,1000,13437.164221
4512.884144,1000,13437.588789
4724.591005,1000,13438.013219
4812.018498,1000,13438.437011
4540.909009,1000,13438.861712
4397.615508,1000,13439.28523
4586.526747,1000,13439.709601
4651.498561,1000,13440.133455
4374.527889,1000,13440.558446
4697.591231,1000,13440.983439
4600.521313,1000,13688.542005
4515.399134,1000,13688.966405
4527.748878,1000,13689.390843
4429.366025,1000,13689.815686
4477.59809,1000,13690.239767
4606.28418,1000,13690.664463
4558.674445,1000,13691.088713
4543.240435,1000,13691.513556
4365.947288,1000,13691.938027
4695.186891,1000,13692.361839
4470.772942,1000,13923.002037
4479.35998,985,13923.420325
4586.665764,1000,13923.844981
3476.972185,1000,13924.268647
4777.882386,1000,13924.693687
4609.964226,1000,13925.11892
4421.039173,1000,13925.544198
3972.434297,1000,13925.968907
4686.529902,1000,13926.393801
4658.921839,1000,13926.818684
4598.255349,1000,14140.458065
4564.432759,1000,14140.881358
4588.881982,1000,14141.304975
3002.592581,701,14141.601575
4588.182204,1000,14142.02489
4095.19902,957,14142.428999
4697.954386,1000,14142.851468
4396.03074,1000,14143.274494
4550.259146,1000,14143.697606
3403.665045,802,14144.0368
3278.959557,746,14375.71878
2396.03124,557,14375.955615
3095.66506,694,14376.250351
4759.605477,1000,14376.674746
4682.088845,1000,14377.099599
4895.672847,1000,14377.523733
4335.114318,1000,14377.948245
2318.99137,551,14378.181972
4840.782011,1000,14378.606766
4286.086568,1000,14379.030854
4684.513454,1000,14615.902648
4624.887149,1000,14616.327351
4493.894154,1000,14616.753057
3673.49258,827,14617.104637
4392.812986,1000,14617.529979
4565.336783,1000,14617.955339
4758.336984,1000,14618.380925
4587.269205,1000,14618.806758
4435.353609,1000,14619.231745
4679.659493,1000,14619.657347
4855.554598,1000,14851.69695
4825.641406,1000,14852.122018
4804.232701,1000,14852.546935
4852.448823,1000,14852.971723
4866.573074,1000,14853.396612
4760.25661,1000,14853.820835
4810.310801,1000,14854.245148
4800.17647,1000,14854.669108
4605.856869,1000,14855.092469
4852.430874,1000,14855.516015
4781.6768,1000,15087.05604
4811.549654,1000,15087.481327
4829.12583,1000,15087.905837
4736.875083,1000,15088.330153
4857.986592,1000,15088.755064
4793.163787,1000,15089.179997
4765.77669,1000,15089.604742
4752.84639,1000,15090.029001
2898.836659,716,15090.3322
4722.627206,1000,15090.756731
4769.282234,1000,15322.869179
4754.813143,1000,15323.294009
4811.205102,1000,15323.71834
4875.303468,1000,15324.142425
4730.530329,1000,15324.567214
4837.913831,1000,15324.991695
4891.785668,1000,15325.416694
4783.02789,1000,15325.840794
3065.910442,706,15326.140162
4807.174955,1000,15326.564632
4836.796722,1000,15558.786143
4799.304349,1000,15559.212327
4731.240473,1000,15559.638332
4872.274769,1000,15560.063695
4865.691363,1000,15560.488238
4773.163322,1000,15560.912289
4828.860027,1000,15561.336256
4831.150202,1000,15561.76105
4848.938934,1000,15562.185599
4825.682231,1000,15562.610716
3314.254241,744,15794.99656
4420.892584,1000,15795.42168
4370.817838,1000,15795.847966
4572.760671,1000,15796.27316
4501.069805,1000,15796.69979
4622.067536,1000,15797.123966
4382.379939,1000,15797.549102
4536.018165,1000,15797.974045
4480.666084,1000,15798.399183
4449.863845,1000,15798.825077
4270.300247,1000,16044.478266
4247.59692,1000,16044.903028
4455.211331,1000,16045.327504
4445.891132,1000,16045.752002
4648.349615,1000,16046.175698
4669.916914,1000,16046.599511
4444.876092,1000,16047.024179
4565.490351,1000,16047.449087
4467.020326,1000,16047.873005
4468.731149,1000,16048.298429
4861.861109,1000,16281.200361
4822.649746,1000,16281.626727
4830.907647,1000,16282.0528
4864.656733,1000,16282.478573
4741.574317,1000,16282.903829
4694.648346,1000,16283.329076
4881.603297,1000,16283.753534
4928.278884,1000,16284.178721
4743.144296,1000,16284.604106
4744.087232,1000,16285.029395
4911.511791,1000,16517.988406
4924.555428,1000,16518.413304
4886.924283,1000,16518.838559
4876.576533,1000,16519.264353
4900.832871,1000,16519.690063
4902.24272,1000,16520.115178
4877.512231,1000,16520.540556
4861.916316,1000,16520.965756
4852.546376,1000,16521.39031
4817.513966,1000,16521.816258
4675.390897,1000,16754.811559
4676.199074,1000,16755.237622
4792.815328,1000,16755.663687
4479.583265,1000,16756.089377
2270.444626,564,16756.32862
4867.844254,1000,16756.753344
4449.093706,1000,16757.17829
4744.109396,1000,16757.603168
4619.7261,1000,16758.02825
4117.080593,1000,16758.452648
4603.494936,1000,16989.572971
4808.448994,1000,16989.998682
4543.242715,1000,16990.42606
4642.178423,1000,16990.851991
4764.035168,1000,16991.277686
4629.099919,1000,16991.703882
4520.798309,1000,16992.130396
4484.199346,1000,16992.55642
4914.333968,1000,16992.983062
4476.206248,1000,16993.409279
4734.129933,1000,17224.646349
4763.689894,1000,17225.070409
4906.564899,1000,17225.49447
4783.90726,1000,17225.919278
4746.264326,1000,17226.343329
4817.809885,1000,17226.767687
4762.078098,1000,17227.191851
4788.403679,1000,17227.615899
4851.003311,1000,17228.040206
4807.412667,1000,17228.46437
4799.011103,1000,17450.056229
4786.894153,1000,17450.482428
3903.795038,833,17450.836641
4887.254771,1000,17451.26306
3622.999895,780,17451.595917
4801.12072,1000,17452.021924
4778.565634,1000,17452.447383
4732.116941,1000,17452.872869
4813.798565,1000,17453.298839
4863.497492,1000,17453.724289
4623.89713,1000,17691.713244
4623.922048,1000,17692.137169
4656.575807,1000,17692.561423
4855.591147,1000,17692.986843
4783.320471,1000,17693.410827
4624.711809,1000,17693.83576
4598.489404,1000,17694.260798
4787.381853,1000,17694.685869
4584.144872,1000,17695.110763
4622.754601,1000,17695.534829
4582.311881,1000,17928.124225
4555.389231,1000,17928.549562
4614.000829,1000,17928.97494
4484.555503,1000,17929.399554
4493.052074,1000,17929.825414
567.218222,184,17929.904057
4523.041963,1000,17930.332007
4556.91152,1000,17930.756774
4600.209903,1000,17931.18184
4512.324837,1000,17931.607357
4793.767495,1000,18164.231393
4841.519884,1000,18164.657864
4810.120552,1000,18165.083428
4733.807857,1000,18165.508653
4742.298903,1000,18165.934352
4792.128236,1000,18166.360416
4800.786172,1000,18166.786419
4903.246761,1000,18167.21302
4728.537075,1000,18167.639516
4903.784098,1000,18168.065478
4733.012375,1000,18395.694296
4758.077585,1000,18396.119348
4809.882082,1000,18396.544777
5015.050835,1000,18396.969173
4863.603745,1000,18397.392776
4808.71705,1000,18397.815959
5050.415432,1000,18398.239322
4867.500941,1000,18398.662815
4756.879887,1000,18399.086518
4733.212275,1000,18399.509777
4861.733043,1000,18632.114754
4840.780348,1000,18632.538386
4666.093203,1000,18632.962339
4746.274743,1000,18633.385733
4617.140402,1000,18633.809654
4679.098877,1000,18634.233665
4812.632574,1000,18634.656647
4847.404789,1000,18635.08014
4742.764379,1000,18635.504449
4727.659586,1000,18635.92923
4667.227407,1000,18863.412216
4769.159412,1000,18863.835281
4542.324131,1000,18864.25855
4458.822139,1000,18864.681958
4557.505708,1000,18865.105232
4524.350715,1000,18865.528683
349.375516,125,18865.581783
4671.25647,1000,18866.005289
4791.057469,1000,18866.428599
4729.676828,1000,18866.852306
4527.082883,1000,19111.369484
3481.513724,844,19111.728794
4269.901447,1000,19112.155533
4437.263625,1000,19112.581926
4490.983438,1000,19113.006454
4368.301024,1000,19113.432386
4514.157743,1000,19113.857682
4466.645033,1000,19114.283245
4397.466997,1000,19114.709236
4456.989464,1000,19115.133889
4045.994094,876,19351.381712
4803.322049,1000,19351.805511
4465.127121,1000,19352.229304
3584.889215,858,19352.5921
4732.971432,1000,19353.015646
4597.733578,1000,19353.439782
4665.016166,1000,19353.864579
4604.414024,1000,19354.288654
4623.506687,1000,19354.712688
4538.926516,1000,19355.13619
4532.428232,1000,19588.085445
4657.393568,1000,19588.510144
4527.480767,1000,19588.934602
4404.396047,1000,19589.360049
3502.012404,834,19589.713523
4359.72283,970,19590.124913
4460.440442,1000,19590.549744
4437.143308,1000,19590.974094
4216.841164,1000,19591.398341
4586.232448,1000,19591.822461
4488.417712,1000,19824.794008
4570.362149,1000,19825.218386
4618.697996,1000,19825.642663
4618.011474,1000,19826.066226
4649.61338,1000,19826.489761
4384.215988,1000,19826.914807
1719.734389,433,19827.099321
4472.120219,1000,19827.52417
4609.790171,1000,19827.949945
4430.814537,1000,19828.373574
4871.95548,1000,20061.417834
4559.648277,1000,20061.843271
4847.009375,1000,20062.26807
4572.940015,1000,20062.692205
4781.138718,1000,20063.11706
4837.102968,1000,20063.541967
4774.40098,1000,20063.967565
4708.306797,1000,20064.392281
4722.784346,1000,20064.815689
4790.157246,1000,20065.240411
4616.502147,1000,20283.549293
4710.122572,1000,20283.975346
4811.191368,1000,20284.401291
4815.416839,1000,20284.827694
4544.3133,1000,20285.253639
4523.098622,1000,20285.679258
4375.664552,1000,20286.103369
4620.697601,1000,20286.527985
4629.60979,1000,20286.952655
4486.241594,1000,20287.377237
4565.596691,1000,20536.305273
4755.059181,1000,20536.732509
4859.073613,1000,20537.158146
4595.885439,1000,20537.584157
4786.82926,1000,20538.010544
4663.191105,1000,20538.435316
2179.611494,505,20538.650999
4686.26182,1000,20539.077163
4629.814416,1000,20539.503144
4751.591596,1000,20539.928318
4580.400191,1000,20766.414088
4653.446793,1000,20766.838781
4699.263287,1000,20767.264345
4339.454123,1000,20767.688785
213.025679,131,20767.744447
4590.370226,1000,20768.169961
164.90126,98,20768.211787
4520.234187,1000,20768.636196
4754.536811,1000,20769.061587
205.683853,139,20769.120789
4493.164575,1000,21014.029804
3771.710126,839,21014.38484
4539.501998,1000,21014.809301
4591.137891,1000,21015.233809
2333.705186,562,21015.472676
2441.221472,593,21015.724339
3310.585149,747,21016.041334
4585.490671,1000,21016.465912
4296.19522,964,21016.874202
4669.546918,1000,21017.299055
4690.790499,1000,21250.31442
4700.429386,1000,21250.738053
4600.052243,1000,21251.161755
4703.015613,1000,21251.586093
4648.460505,1000,21252.010728
4770.552293,1000,21252.435005
4720.717916,1000,21252.85943
4700.707196,1000,21253.283243
4724.087202,1000,21253.708543
4669.503268,1000,21254.132822
4624.141733,1000,21487.143064
4513.735338,1000,21487.568302
4518.883703,1000,21487.993773
4672.718407,1000,21488.418869
4543.70502,1000,21488.844311
4447.093511,1000,21489.268476
4630.427289,1000,21489.693112
4404.618558,1000,21490.118612
4462.181414,1000,21490.543711
4580.208136,1000,21490.969935
4679.937031,1000,21723.99235
4694.619827,1000,21724.416162
4692.765329,1000,21724.839988
4764.916717,1000,21725.263694
4683.853147,1000,21725.687532
4732.126095,1000,21726.112347
4668.889452,1000,21726.537032
4661.82154,1000,21726.962091
4638.332206,1000,21727.387123
4655.26224,1000,21727.811613
4719.572788,1000,21951.909931
4752.742533,1000,21952.336309
4676.212635,1000,21952.762109
4667.428974,1000,21953.188626
4717.604118,1000,21953.614905
4815.827702,1000,21954.041681
4683.278038,1000,21954.468003
4689.858772,1000,21954.894373
4729.205563,1000,21955.321328
4661.249754,1000,21955.747365
4555.315195,1000,22188.823144
4328.524269,1000,22189.246751
4556.250208,1000,22189.670877
4465.27226,1000,22190.095122
4431.624206,1000,22190.518945
4613.296288,1000,22190.94228
4449.61213,1000,22191.365466
4399.159462,1000,22191.788587
4528.881661,1000,22192.211694
4562.835665,1000,22192.635523
4835.370772,1000,22414.935204
4744.421966,1000,22415.361824
4716.536431,1000,22415.786375
4639.105707,1000,22416.210606
4691.329191,1000,22416.635191
4696.108461,1000,22417.059259
4633.575333,1000,22417.484089
4676.404926,1000,22417.90895
4684.645601,1000,22418.333794
4701.16877,1000,22418.758111
